,Gender,Age,Orphan,state,PinCode,mother_tongue,social_category,minority_group,bpl_beneficiary,ews_group,cwsn,indian_nationality,out_of_school_child,dropped_continued,mother's_qualification,father's_qualification,mother's_occupation,father's_occupation,debt,family_annual_income,no_of_children,label
0,1,19,0,5,841567,1,2,3,0,0,1,1,1,0,2,1,1,1,1,1,3,5
1,1,21,0,20,512267,1,3,6,1,1,0,1,0,0,1,3,1,1,0,2,2,5
2,0,16,0,7,299650,1,3,3,1,1,1,1,1,0,5,4,0,0,1,1,2,5
3,0,14,0,21,702019,0,3,1,1,1,1,1,1,1,0,3,0,0,1,1,3,7
4,1,21,0,11,721862,0,3,5,0,0,0,1,1,0,4,2,1,1,1,1,3,5
5,1,15,0,21,369916,0,4,7,0,0,0,1,0,0,0,1,0,0,0,2,3,1
6,0,17,0,23,715862,1,2,2,1,1,0,1,1,0,4,1,0,1,1,2,3,5
7,0,14,0,20,543227,0,1,2,0,0,0,1,0,0,3,0,1,1,1,2,3,5
8,1,16,0,11,617376,0,2,1,0,0,0,1,1,0,2,1,0,0,0,0,3,3
9,0,17,0,6,574793,1,2,3,0,1,1,1,0,1,5,2,1,1,1,1,2,6
10,1,20,0,5,932987,1,2,1,0,1,1,1,1,1,5,5,1,1,1,2,2,7
11,0,20,0,7,981032,0,4,5,0,0,0,1,1,0,2,2,1,0,0,2,2,2
12,0,16,0,33,667385,1,1,4,1,1,0,1,1,0,5,0,0,1,1,2,2,6
13,0,20,0,28,929595,0,1,3,0,0,1,1,0,0,3,0,1,0,0,0,2,5
14,1,16,0,7,148068,1,2,1,1,0,1,1,1,0,2,4,0,1,1,2,3,6
15,1,19,0,8,833800,1,4,4,1,0,1,1,0,0,3,1,0,0,1,2,2,3
16,0,21,0,5,616467,1,4,6,1,0,0,1,1,0,5,1,1,0,1,1,2,3
17,0,17,0,30,220081,0,3,1,1,0,0,1,1,0,2,2,0,1,0,0,2,5
18,0,17,0,17,262713,0,1,6,0,1,1,1,0,0,0,1,0,0,0,2,2,4
19,0,17,0,8,421789,0,3,4,1,0,1,1,1,0,2,0,1,0,0,0,2,6
20,1,17,0,12,563410,1,1,4,1,0,0,1,1,0,0,5,0,0,0,2,2,3
21,0,14,0,25,218644,1,1,5,1,1,0,1,0,0,2,1,0,0,1,0,3,6
22,1,21,0,18,440143,0,4,7,1,1,1,1,1,0,5,3,1,0,1,1,2,5
23,0,21,0,17,245215,0,3,5,1,1,0,1,0,1,2,3,1,1,1,2,3,7
24,0,15,0,7,384876,1,3,7,0,1,1,1,0,0,4,5,1,1,1,2,2,6
25,1,16,0,10,584773,0,2,4,0,1,1,1,0,0,1,0,1,0,1,0,2,7
26,1,18,0,18,360327,0,1,6,1,0,0,1,0,0,1,3,1,1,1,2,2,5
27,1,21,0,19,544902,0,3,2,1,0,1,1,0,0,4,1,0,0,0,0,3,4
28,1,21,0,11,167183,0,3,2,0,0,1,1,0,0,4,1,0,0,1,2,2,3
29,0,20,0,20,401396,0,1,1,1,0,1,1,1,1,3,0,0,1,0,1,2,6
30,0,18,0,4,944520,0,4,7,0,0,0,1,1,0,1,5,0,0,0,0,3,1
31,0,14,0,28,800909,0,4,7,0,1,1,1,0,0,5,1,1,0,0,2,2,3
32,0,17,0,25,640162,1,3,6,1,0,1,1,0,1,0,0,1,1,0,0,2,8
33,1,21,0,25,781350,1,1,6,1,1,0,1,0,0,0,3,0,0,0,0,2,5
34,1,16,0,18,994966,0,3,3,1,1,0,1,0,0,2,3,1,0,0,0,2,5
35,1,20,0,23,267009,0,3,3,0,1,0,1,1,0,4,2,1,1,1,2,2,5
36,1,15,0,14,628727,1,1,4,1,1,1,1,1,1,0,4,0,1,1,0,3,8
37,1,14,0,33,145798,0,2,2,0,0,1,1,0,0,2,1,1,1,1,2,3,5
38,0,18,0,23,564470,1,2,6,0,1,0,1,1,0,2,1,1,0,0,2,3,3
39,0,18,0,22,264806,1,2,1,0,0,1,1,1,0,3,0,1,0,0,2,3,5
40,0,14,0,32,365081,1,3,6,1,1,1,1,1,0,0,4,0,0,1,2,3,6
41,0,14,0,15,971709,1,3,4,0,0,0,1,1,0,1,0,0,0,1,0,2,4
42,1,16,0,11,489455,0,1,6,0,0,0,1,1,0,1,2,1,0,0,1,3,2
43,1,14,0,21,837110,0,3,3,1,0,1,1,0,0,1,1,1,0,0,1,2,4
44,0,16,0,8,692830,0,3,5,0,0,1,1,0,1,0,4,1,1,1,1,2,7
45,1,20,0,21,917500,1,3,4,0,0,1,1,1,0,1,4,0,0,0,1,3,2
46,0,14,0,10,833494,1,2,2,1,1,0,1,0,0,1,2,0,0,0,1,2,3
47,1,15,0,13,486096,0,3,4,0,1,0,1,0,0,3,1,1,0,0,2,2,3
48,1,19,0,29,965977,0,2,6,0,0,1,1,0,0,4,1,1,0,1,2,3,4
49,0,18,0,17,931246,1,4,1,1,0,1,1,0,1,4,1,1,1,1,0,3,7
50,1,14,0,33,996121,0,1,5,0,0,0,1,1,0,2,3,0,0,0,1,3,2
51,1,14,0,19,986484,1,3,4,0,0,0,1,0,0,5,2,0,1,0,2,2,2
52,1,15,0,3,134158,0,2,1,0,1,1,1,1,0,3,5,0,0,1,0,3,6
53,1,18,0,23,668966,1,1,3,1,1,1,1,1,1,2,1,1,0,0,1,3,5
54,0,15,0,2,721757,0,3,1,1,1,1,1,0,1,1,0,0,0,1,1,3,7
55,1,17,0,29,334339,1,2,4,1,0,1,1,1,0,2,2,1,0,0,0,2,5
56,1,15,0,9,554928,1,3,1,0,0,1,1,1,0,5,3,1,0,0,2,2,4
57,0,18,0,1,190242,0,1,4,1,0,1,1,1,0,3,4,0,1,0,2,2,4
58,1,16,0,14,418060,0,2,3,1,0,0,1,1,0,1,1,1,1,0,1,3,4
59,0,15,0,31,434573,0,2,4,1,1,0,1,0,0,5,1,1,1,1,2,2,6
60,0,15,0,19,706748,0,1,6,1,0,1,1,1,0,1,1,0,0,1,0,3,5
61,1,18,0,10,677069,1,1,7,0,1,0,1,1,0,3,1,1,0,0,2,2,3
62,1,16,0,24,173055,1,1,2,0,0,0,1,1,0,4,2,1,1,1,2,3,4
63,0,16,0,24,367266,1,3,6,0,1,0,1,1,0,1,1,0,1,1,1,2,4
64,0,16,0,6,748007,1,3,1,0,0,0,1,1,0,1,4,1,1,0,1,3,4
65,1,15,0,14,728268,1,3,1,1,0,0,1,0,0,3,2,0,0,0,2,2,3
66,1,17,0,3,534878,0,3,1,1,0,0,1,1,0,2,1,0,1,0,2,3,4
67,1,16,0,14,782068,0,2,2,0,1,1,1,1,1,3,2,1,1,1,0,3,7
68,1,16,0,27,444677,1,3,1,1,0,0,1,0,0,3,5,1,0,1,2,2,5
69,1,16,0,9,838214,1,2,6,1,1,1,1,0,1,5,4,1,1,1,0,3,8
70,1,16,0,1,264651,1,3,5,1,0,1,1,0,1,2,2,0,1,0,1,3,5
71,1,17,0,31,373635,0,3,5,0,1,0,1,0,1,1,2,1,1,1,1,3,6
72,1,17,0,6,594234,1,2,7,1,0,1,1,0,0,2,1,0,1,1,2,3,5
73,1,14,0,3,975054,1,4,7,0,1,1,1,0,0,3,2,1,0,1,1,3,4
74,0,19,0,31,669731,1,2,4,1,0,1,1,1,1,5,2,1,1,0,1,2,5
75,0,20,0,31,155786,0,1,1,1,1,0,1,1,1,3,2,0,1,1,1,3,6
76,1,20,0,21,484062,1,1,6,0,0,1,1,0,0,1,4,0,1,0,2,2,3
77,0,17,0,5,730005,0,1,4,0,0,1,1,0,0,3,2,0,0,0,2,3,2
78,1,17,0,9,549040,0,4,7,1,1,1,1,1,0,3,1,1,0,1,1,3,5
79,1,14,0,23,489052,0,2,5,1,0,1,1,0,1,0,5,1,1,0,0,2,8
80,1,19,0,30,472041,1,2,6,1,0,0,1,1,0,4,3,0,1,0,1,3,3
81,1,20,0,20,315766,0,1,7,0,1,0,1,1,0,3,5,0,1,0,0,2,4
82,1,19,0,32,678892,0,4,4,1,0,1,1,0,0,4,0,1,1,0,0,3,6
83,1,14,0,1,414372,0,3,6,0,0,0,1,1,0,3,5,0,0,1,1,3,2
84,1,17,0,24,243178,1,4,6,1,1,0,1,0,0,5,3,0,0,1,1,3,3
85,0,20,0,12,859594,0,3,1,1,0,0,1,0,0,1,1,1,0,1,1,3,5
86,0,16,0,23,581089,1,4,7,0,0,1,1,0,0,1,3,1,1,0,2,2,3
87,0,16,0,10,804913,0,1,3,0,1,0,1,1,0,1,0,1,0,0,1,3,4
88,0,15,0,26,790031,0,2,3,1,1,1,1,0,0,0,4,1,0,0,2,2,6
89,1,14,0,5,631914,0,4,2,0,0,0,1,1,0,3,0,1,0,0,2,2,2
90,0,14,0,15,822889,1,4,5,0,1,1,1,1,0,5,3,1,0,0,1,2,4
91,1,20,0,1,612721,0,3,5,1,0,0,1,1,0,0,0,0,1,0,0,3,7
92,0,14,0,9,575298,1,3,4,0,0,0,1,1,0,1,1,1,1,0,0,2,4
93,0,16,0,17,518864,1,3,6,1,1,1,1,1,1,1,0,1,0,0,1,2,6
94,1,21,0,24,411806,0,4,2,0,0,0,1,1,0,3,0,0,0,0,0,2,2
95,0,21,0,16,835023,0,3,6,0,0,0,1,1,0,5,5,0,1,1,0,3,4
96,0,20,0,13,995527,1,2,2,0,0,1,1,0,0,0,0,0,1,1,2,2,6
97,0,14,0,3,520278,0,3,2,0,0,1,1,1,0,2,2,1,1,1,1,2,5
98,0,15,0,18,522672,1,1,4,1,1,0,1,0,0,3,5,0,1,1,1,2,5
99,1,15,0,22,423067,1,1,5,1,0,0,1,0,0,1,0,1,1,0,2,2,6
100,1,18,0,24,953253,0,4,3,1,1,1,1,1,0,0,1,0,0,1,0,3,6
101,1,17,0,30,444345,0,3,4,0,0,0,1,0,0,2,3,1,1,1,1,2,4
102,0,19,0,29,385563,0,3,5,0,0,1,1,0,0,3,3,0,0,1,1,2,4
103,0,17,0,27,426731,0,3,5,0,1,0,1,1,0,1,4,0,0,0,0,2,4
104,1,20,0,5,172147,1,2,5,1,1,0,1,1,1,2,4,1,1,0,1,2,6
105,0,20,0,14,276636,1,4,6,1,1,0,1,0,0,5,1,1,1,1,1,2,5
106,1,18,0,27,893191,1,2,5,0,0,1,1,0,0,3,5,0,0,0,2,3,3
107,1,18,0,1,988409,0,4,3,1,1,1,1,0,0,2,4,0,0,0,1,2,3
108,1,15,0,2,967003,0,3,5,1,1,0,1,1,0,2,0,0,0,0,1,2,5
109,0,14,0,6,924239,0,2,2,1,0,0,1,0,0,4,2,0,0,1,2,3,3
110,0,14,0,2,799774,0,1,2,0,1,0,1,0,0,0,2,0,0,1,2,3,4
111,0,17,0,27,370025,1,1,6,1,1,1,1,1,1,2,0,1,1,0,2,3,7
112,1,14,0,17,729883,1,4,6,0,1,1,1,0,0,3,1,0,1,1,1,2,4
113,1,19,0,4,397780,1,1,3,0,1,0,1,1,0,2,5,1,0,1,1,3,4
114,1,20,0,29,168940,0,4,5,0,1,1,1,0,0,3,2,0,0,1,2,2,4
115,0,15,0,28,683980,1,4,7,1,0,0,1,1,0,0,1,1,1,1,2,2,5
116,0,17,0,10,637649,0,3,7,0,0,0,1,1,0,3,1,1,0,1,2,2,3
117,1,21,0,27,439349,0,3,1,1,0,1,1,1,1,2,0,1,1,0,2,2,7
118,1,19,0,17,430518,0,2,6,0,0,0,1,0,0,2,2,0,1,0,1,2,2
119,1,20,0,27,291403,0,2,6,0,0,0,1,1,0,3,5,0,0,0,1,2,1
120,0,17,0,8,913375,1,3,4,0,1,0,1,1,0,1,4,1,1,0,1,3,4
121,0,17,0,10,577510,1,1,5,0,1,1,1,0,0,1,0,1,0,0,2,2,6
122,1,14,0,1,691634,1,2,4,1,0,1,1,1,0,2,0,1,0,1,1,3,6
123,0,22,0,5,373561,1,3,3,1,1,1,1,0,1,1,4,1,1,0,1,3,6
124,1,15,0,27,495835,0,2,4,0,1,1,1,1,0,0,0,1,0,1,0,3,8
125,0,21,0,1,146947,1,2,1,0,1,0,1,0,0,5,3,1,0,0,2,2,4
126,0,16,0,32,260906,0,1,7,1,0,1,1,1,1,2,4,1,1,1,1,2,6
127,1,20,0,4,530445,1,3,2,0,1,0,1,0,0,3,1,0,1,0,1,2,3
128,0,14,0,6,298518,0,3,5,1,0,0,1,1,0,1,1,0,1,0,0,3,5
129,1,19,0,10,172298,1,1,2,0,0,1,1,1,0,5,5,0,0,1,2,3,3
130,1,16,0,3,130135,1,4,4,1,1,0,1,1,0,3,4,1,1,0,0,2,5
131,1,21,0,24,969671,1,2,6,1,0,0,1,0,0,5,0,1,0,1,0,3,6
132,1,17,0,27,816878,0,1,7,1,1,1,1,1,0,5,3,0,0,0,0,3,5
133,0,16,0,11,183272,1,2,4,0,0,1,1,1,0,5,0,0,1,0,1,3,4
134,0,20,0,29,304555,1,2,6,0,0,0,1,0,0,4,2,0,0,0,2,3,1
135,0,20,0,14,696991,1,1,2,0,0,0,1,0,0,3,4,0,0,1,2,2,2
136,0,15,0,5,891997,1,3,3,1,0,0,1,1,0,3,3,1,1,0,1,3,4
137,1,14,0,3,445653,1,4,2,0,1,1,1,1,0,3,0,1,1,1,0,2,7
138,1,19,0,14,269454,1,3,5,0,1,0,1,1,0,5,3,1,0,0,0,3,5
139,1,20,0,6,328875,0,3,5,1,0,1,1,1,1,1,4,0,1,0,0,3,6
140,1,15,0,26,516121,1,1,7,0,1,1,1,1,0,5,1,0,1,0,2,3,4
141,1,18,0,18,649244,1,3,4,0,1,1,1,0,1,4,3,1,1,1,1,3,6
142,0,14,0,29,749862,0,2,6,1,1,0,1,0,0,1,5,1,1,1,2,2,6
143,0,15,0,33,273504,0,1,3,1,0,1,1,1,0,1,5,0,0,1,0,3,5
144,1,15,0,24,892756,0,3,6,1,0,0,1,0,0,3,0,1,1,1,0,3,7
145,0,15,0,27,233549,0,4,6,1,0,0,1,0,0,2,4,0,0,0,2,2,1
146,1,20,0,21,261166,0,1,6,0,1,1,1,0,0,1,1,1,0,1,1,2,5
147,0,18,0,2,291255,0,4,3,0,0,0,1,1,0,2,3,1,0,1,1,3,2
148,1,17,0,11,874622,0,2,6,1,0,1,1,0,0,1,0,0,0,0,0,2,5
149,0,15,0,4,810635,1,4,1,1,1,1,1,1,0,3,1,1,0,1,2,3,6
150,0,20,0,6,206329,1,3,1,0,1,0,1,0,0,3,1,0,0,1,2,3,4
151,0,20,0,4,627225,1,2,2,1,1,1,1,1,1,1,5,1,1,1,0,2,8
152,0,18,0,17,618897,0,2,7,0,1,0,1,1,0,4,3,1,1,0,1,2,4
153,0,14,0,11,895493,0,1,2,1,0,0,1,0,0,0,0,0,1,1,0,3,7
154,1,19,0,32,116512,0,2,3,0,0,0,1,1,0,1,0,1,0,1,1,3,4
155,0,18,0,5,228598,0,2,5,0,1,0,1,1,0,1,5,0,0,1,1,3,4
156,1,19,0,11,820896,1,4,5,1,0,0,1,0,0,1,5,0,1,0,1,2,3
157,0,21,0,8,932852,1,4,3,0,0,0,1,1,0,0,4,1,0,1,1,3,3
158,1,20,0,13,945302,0,1,1,0,1,1,1,0,1,0,4,1,0,0,1,2,6
159,0,19,0,8,907787,1,2,3,0,0,0,1,0,0,0,5,1,1,1,2,3,5
160,1,17,0,33,325685,0,2,7,1,1,1,1,0,0,2,5,1,0,1,2,2,6
161,1,16,0,27,193607,0,2,3,1,1,0,1,0,1,4,2,1,1,0,1,2,5
162,0,21,0,4,445639,0,3,7,0,0,0,1,0,0,0,3,1,1,1,0,2,6
163,1,18,0,30,799255,0,2,6,0,1,1,1,0,0,2,0,1,1,0,2,3,6
164,0,20,0,32,938838,0,4,1,1,1,0,1,0,0,4,4,1,0,1,2,3,5
165,1,20,0,32,726010,1,3,4,0,0,1,1,1,0,2,2,1,1,0,1,3,4
166,0,20,0,31,138589,1,3,2,0,0,1,1,1,0,1,5,0,1,0,1,2,3
167,1,17,0,16,972665,1,3,6,0,0,1,1,1,0,0,3,0,0,0,1,2,3
168,1,21,0,29,973697,1,1,1,1,1,1,1,0,1,1,2,0,0,0,0,3,6
169,1,14,0,33,297620,0,1,1,0,1,1,1,0,1,3,5,1,0,0,1,2,5
170,0,14,0,33,668693,1,1,6,1,1,0,1,0,0,2,1,0,0,0,1,2,3
171,1,19,0,12,940888,0,1,5,0,1,0,1,0,0,2,4,0,0,1,2,3,4
172,1,21,0,27,705295,1,4,2,1,0,0,1,1,0,5,1,0,1,1,1,2,3
173,1,15,0,6,153780,0,3,4,1,0,1,1,1,1,4,0,1,1,1,0,2,8
174,1,16,0,24,542885,0,2,2,0,0,1,1,1,0,5,0,1,1,1,0,2,7
175,1,17,0,6,705042,0,4,5,0,0,0,1,0,0,0,1,1,1,0,1,3,4
176,1,16,0,19,561697,1,4,4,0,1,1,1,1,0,0,1,0,0,1,1,2,4
177,1,19,0,31,224822,0,4,2,0,1,0,1,1,0,2,4,0,1,1,0,2,4
178,1,18,0,17,813329,1,4,4,1,0,1,1,0,0,4,1,0,0,0,1,2,2
179,1,16,0,27,687928,0,1,1,1,0,1,1,0,1,1,3,1,1,0,1,2,6
180,0,14,0,24,349666,1,4,6,0,1,1,1,0,0,5,1,1,0,1,2,2,4
181,0,21,0,11,581698,1,4,4,1,0,0,1,0,0,2,4,1,0,1,1,2,3
182,1,18,0,28,522353,1,3,2,1,0,1,1,0,0,4,0,0,0,1,0,3,6
183,0,19,0,14,422004,1,2,1,1,0,0,1,0,0,2,3,0,0,0,1,3,3
184,0,15,0,16,194369,0,2,4,1,0,0,1,0,0,1,2,0,1,0,2,3,3
185,0,17,0,16,135102,0,4,7,1,1,0,1,0,0,2,3,0,0,0,2,2,2
186,1,20,0,26,679899,1,2,7,1,0,0,1,0,0,4,5,0,0,0,0,2,3
187,1,16,0,29,400546,1,2,5,1,0,1,1,1,0,0,0,0,0,1,2,3,7
188,0,18,0,32,283421,0,3,1,0,0,0,1,1,0,3,2,1,1,1,2,3,5
189,1,19,0,8,907298,1,3,3,1,0,1,1,0,0,3,5,1,1,1,2,2,6
190,0,20,0,30,857288,1,4,3,0,0,1,1,0,0,1,0,0,0,1,0,2,4
191,0,16,0,1,182101,0,2,2,1,1,0,1,0,1,0,0,1,1,1,1,2,8
192,1,17,0,31,499503,0,4,1,0,1,0,1,1,0,0,0,0,0,0,0,3,5
193,1,16,0,20,678989,1,1,2,0,0,1,1,0,0,3,5,0,1,1,2,2,4
194,1,20,0,33,155571,1,1,1,0,0,0,1,1,0,3,2,0,1,0,1,2,3
195,0,14,0,30,547501,1,1,7,0,0,1,1,1,0,3,4,0,0,1,2,3,3
196,1,16,0,1,158591,1,2,1,1,1,0,1,1,1,4,2,1,0,1,1,2,6
197,0,20,0,13,425544,1,1,5,1,1,1,1,1,1,3,1,0,1,1,1,2,7
198,1,19,0,10,231221,1,1,6,1,1,1,1,0,1,1,1,1,0,0,0,3,6
199,1,19,0,12,467954,0,2,3,0,0,1,1,0,0,3,5,1,1,1,0,2,6
200,1,16,0,3,342539,1,1,5,1,1,0,1,1,1,1,4,1,0,0,0,3,6
201,1,16,0,17,374397,0,3,6,0,1,1,1,0,0,4,0,0,0,1,1,2,5
202,1,15,0,30,236395,0,3,5,0,0,1,1,0,0,5,3,0,0,1,0,2,5
203,1,15,0,1,185213,0,3,1,0,0,0,1,1,0,1,5,1,0,0,1,3,3
204,1,14,0,6,725351,1,2,7,1,1,1,1,1,0,0,5,0,0,0,0,3,6
205,1,20,0,15,849700,0,2,6,0,1,0,1,0,0,0,5,1,0,1,0,3,6
206,1,20,0,32,399929,0,1,1,1,0,1,1,1,0,3,2,0,0,1,2,2,5
207,0,21,0,33,719618,0,1,5,1,1,0,1,0,1,5,1,0,1,0,1,3,5
208,0,15,0,6,230839,1,2,7,1,0,1,1,1,0,1,5,0,1,0,2,2,4
209,0,21,0,26,432208,0,4,1,0,1,1,1,0,1,1,0,1,1,1,0,3,8
210,1,17,0,32,983019,0,4,4,1,1,0,1,1,0,5,4,1,1,1,1,3,5
211,0,15,0,3,497665,0,2,2,1,0,1,1,1,0,1,4,0,1,1,2,2,5
212,0,17,0,20,325514,1,4,2,1,1,0,1,0,0,2,4,1,1,1,1,2,5
213,0,17,0,30,129994,1,4,6,1,1,1,1,1,0,2,0,0,0,1,2,3,5
214,1,20,0,17,490280,1,2,1,0,0,1,1,0,0,4,4,0,1,0,1,2,4
215,1,14,0,29,416606,0,3,7,1,0,1,1,0,0,5,0,1,1,0,2,3,6
216,1,15,0,26,577820,1,1,2,0,1,1,1,1,1,5,3,1,1,0,0,3,6
217,0,21,0,21,895276,1,3,4,0,1,1,1,0,0,1,5,0,0,0,2,2,3
218,0,21,0,5,857971,0,4,4,0,1,0,1,0,0,1,5,0,1,0,1,3,2
219,1,15,0,32,428370,0,3,5,1,1,1,1,0,0,1,3,0,0,1,2,3,6
220,1,15,0,18,303172,0,2,1,1,1,0,1,0,1,3,4,0,1,1,0,2,7
221,1,18,0,7,267999,1,1,5,0,1,0,1,0,0,3,0,1,0,1,1,2,6
222,1,15,0,28,987931,1,1,2,0,0,0,1,0,0,0,5,1,1,1,1,3,5
223,1,17,0,21,517608,0,3,6,0,0,0,1,1,0,5,1,1,1,1,1,2,4
224,0,15,0,5,330424,0,1,4,1,1,1,1,0,1,4,5,1,0,1,1,2,6
225,0,17,0,13,622106,1,1,4,0,1,0,1,1,0,3,0,1,0,0,0,2,5
226,0,18,0,2,336864,0,1,2,0,1,0,1,0,0,0,5,1,0,0,1,3,4
227,1,18,0,21,991206,0,4,6,1,1,1,1,1,0,0,1,1,0,0,1,2,5
228,0,16,0,32,947082,1,4,3,1,1,0,1,1,0,1,5,0,0,1,1,2,3
229,0,18,0,25,880195,0,3,7,0,0,1,1,0,0,0,1,0,0,0,0,2,4
230,0,18,0,3,861801,1,4,3,0,1,1,1,0,0,5,4,0,0,1,1,3,3
231,0,20,0,15,622484,1,3,7,0,0,1,1,0,0,2,5,0,1,0,0,2,4
232,0,17,0,16,796728,0,2,4,1,0,1,1,0,0,2,5,1,0,1,0,2,6
233,1,14,0,31,535342,0,4,1,0,0,1,1,0,0,0,3,0,0,0,2,2,3
234,1,19,0,11,463673,1,3,6,1,1,0,1,1,0,0,0,0,1,0,0,3,7
235,1,21,0,27,402490,0,2,5,1,1,0,1,1,0,2,5,0,0,0,2,3,4
236,0,19,0,21,912707,0,1,1,0,1,0,1,1,1,2,3,1,1,1,1,3,6
237,1,21,0,18,264198,1,3,6,0,1,0,1,1,0,2,3,1,0,1,1,2,4
238,0,20,0,8,828786,1,2,2,1,0,0,1,1,0,4,4,1,0,1,1,2,4
239,0,22,0,5,776677,0,2,5,0,1,0,1,1,0,0,4,1,1,0,2,2,6
240,0,16,0,3,177169,1,4,6,0,0,1,1,1,0,0,5,1,0,1,2,3,4
241,0,15,0,5,888538,0,3,4,1,1,0,1,1,0,2,0,0,1,0,2,3,5
242,0,17,0,30,575757,0,1,6,0,1,0,1,1,0,3,1,0,1,0,1,2,3
243,1,21,0,20,621100,0,1,3,1,1,1,1,1,0,4,4,0,1,1,2,3,6
244,0,21,0,18,849597,1,3,7,0,0,1,1,0,0,5,0,1,0,1,2,3,5
245,0,15,0,5,165554,0,2,4,1,1,0,1,1,0,2,5,1,0,1,0,3,6
246,0,17,0,14,206642,1,3,1,0,1,1,1,1,0,1,2,0,1,1,2,3,6
247,0,21,0,24,171510,0,4,7,0,0,0,1,0,0,3,1,0,0,0,1,3,0
248,0,16,0,26,969517,1,1,3,0,0,0,1,0,0,5,0,0,0,0,2,2,2
249,0,14,0,33,415797,1,2,3,1,1,1,1,0,1,2,3,0,1,1,1,2,6
250,1,14,0,23,535464,0,3,6,0,0,0,1,1,0,1,4,0,1,0,0,2,3
251,1,18,0,29,772314,0,1,1,0,1,1,1,1,1,5,1,1,1,1,1,2,7
252,0,15,0,7,626495,1,2,6,1,0,1,1,1,0,2,5,0,0,1,2,2,4
253,0,18,0,2,887477,0,2,1,1,0,0,1,1,1,4,2,1,1,1,0,2,7
254,0,21,0,8,802936,0,1,1,0,0,1,1,0,0,1,1,0,0,1,0,2,5
255,1,21,0,18,327177,0,2,5,0,1,1,1,0,0,5,5,0,1,1,2,2,6
256,0,16,0,13,195522,0,2,3,1,1,1,1,0,1,5,2,1,0,1,0,3,7
257,0,19,0,6,117749,1,1,5,1,0,1,1,1,0,2,0,0,1,0,2,2,6
258,1,14,0,4,582866,1,4,4,0,1,1,1,0,0,1,4,1,0,0,0,2,4
259,1,17,0,15,264429,1,2,1,0,1,0,1,0,0,0,1,0,0,0,1,3,4
260,0,16,0,4,213169,0,2,4,1,0,1,1,0,0,3,2,0,0,0,1,2,3
261,1,14,0,19,274771,0,1,6,0,0,1,1,0,0,5,0,0,0,1,2,3,4
262,0,17,0,22,399118,0,3,5,0,1,0,1,0,0,4,2,0,0,0,2,3,3
263,0,20,0,22,123008,1,2,7,0,0,0,1,0,0,1,1,0,0,0,0,2,2
264,0,19,0,28,174922,1,2,2,1,0,1,1,1,0,5,4,0,0,0,1,2,3
265,1,18,0,10,437341,1,3,4,0,0,0,1,0,0,5,5,1,0,0,2,2,2
266,0,15,0,6,146463,0,2,5,1,1,1,1,0,1,1,0,0,1,0,0,2,8
267,0,20,0,24,851606,1,4,1,0,0,0,1,0,0,3,2,1,0,1,0,2,4
268,0,19,0,17,278019,0,3,1,1,1,0,1,1,1,4,1,1,0,0,0,3,6
269,0,21,0,9,547632,0,4,1,1,1,0,1,0,0,5,3,1,0,0,2,2,4
270,1,15,0,25,388711,1,1,2,0,1,0,1,1,0,5,3,1,1,0,0,3,5
271,1,18,0,5,484047,0,1,1,1,1,1,1,1,1,4,5,0,1,1,2,2,7
272,0,21,0,4,461398,1,3,1,0,1,0,1,1,1,0,3,1,1,1,1,2,7
273,0,21,0,1,356685,0,2,2,1,0,1,1,0,0,1,2,1,0,0,2,3,4
274,0,18,0,4,726409,0,1,3,0,1,0,1,0,0,4,0,0,0,0,2,2,3
275,0,14,0,32,674200,1,4,7,0,0,0,1,0,0,1,0,1,1,1,0,3,5
276,1,17,0,4,560468,0,4,4,0,1,0,1,0,0,5,1,1,1,0,0,2,4
277,1,18,0,7,516577,1,4,3,1,0,1,1,0,0,2,5,1,1,1,0,3,6
278,1,14,0,30,795344,1,3,4,0,1,0,1,0,0,5,1,1,1,0,0,3,5
279,0,16,0,11,310726,1,3,6,1,1,1,1,0,1,2,2,1,1,0,0,2,7
280,1,17,0,25,221722,0,2,5,0,0,0,1,0,0,3,0,1,1,0,1,3,5
281,0,17,0,29,946219,1,4,4,1,0,0,1,1,0,4,5,1,0,1,1,3,3
282,1,15,0,4,409319,1,4,1,1,1,1,1,0,1,3,4,0,1,0,1,2,5
283,0,14,0,1,196716,1,2,7,0,1,1,1,1,1,0,0,1,1,1,0,3,9
284,1,20,0,19,521630,1,2,4,1,0,0,1,0,0,2,3,0,1,1,2,3,4
285,1,14,0,11,709763,1,1,6,1,0,0,1,1,0,4,3,0,1,0,1,2,3
286,1,14,0,33,562963,0,4,2,1,0,1,1,0,0,0,0,1,0,0,2,2,5
287,0,18,0,17,127357,0,4,7,1,1,1,1,0,0,0,1,0,1,0,2,3,5
288,0,15,0,24,561581,0,3,5,1,0,0,1,0,1,5,4,1,1,0,0,2,6
289,1,17,0,9,119656,0,2,4,0,1,1,1,1,1,3,4,1,1,0,1,2,5
290,1,20,0,31,684765,1,2,5,1,0,0,1,1,1,1,5,1,1,0,1,2,5
291,0,21,0,5,185752,1,3,3,0,1,1,1,1,0,0,3,0,0,1,1,3,5
292,0,18,0,31,776708,1,4,7,1,0,0,1,1,0,4,3,1,0,0,1,2,2
293,1,17,0,17,277262,1,4,7,0,0,0,1,0,0,2,2,0,1,1,1,2,2
294,0,17,0,21,788382,1,4,5,0,0,1,1,0,0,3,2,0,1,1,0,3,5
295,0,20,0,15,814000,0,4,5,1,1,1,1,0,1,2,0,0,1,1,1,2,7
296,1,16,0,14,968204,1,2,2,1,0,0,1,0,0,3,3,0,1,1,2,3,4
297,1,18,0,8,237067,1,1,7,0,0,0,1,0,0,0,1,1,1,1,0,2,6
298,1,14,0,4,233621,0,3,1,0,0,1,1,0,0,1,3,1,0,0,2,2,4
299,1,21,0,17,536945,1,2,5,0,0,0,1,1,0,5,4,1,0,0,2,2,3
300,1,19,0,33,479274,0,1,6,1,1,1,1,0,0,4,4,0,0,1,1,2,5
301,1,15,0,5,314661,0,3,2,1,0,0,1,0,0,1,3,0,1,0,0,3,4
302,1,17,0,20,788511,0,2,2,1,1,1,1,1,0,3,4,0,0,0,0,2,5
303,0,19,0,5,119647,0,2,3,0,0,1,1,0,0,2,4,1,1,0,0,3,5
304,1,17,0,8,262157,1,3,7,1,0,0,1,1,0,4,4,0,0,1,2,3,3
305,0,17,0,26,642925,1,4,6,0,1,1,1,0,0,5,1,0,0,1,1,2,3
306,1,15,0,1,358393,1,2,3,1,0,1,1,1,0,0,3,0,1,1,1,2,6
307,0,18,0,8,982193,1,2,1,0,0,1,1,1,0,1,3,0,1,1,1,3,5
308,0,21,0,16,272005,0,3,7,1,0,1,1,1,1,0,4,1,1,1,0,3,8
309,1,18,0,31,915021,1,4,2,0,1,0,1,0,0,5,2,0,0,0,0,3,2
310,0,20,0,6,227977,0,1,1,0,0,0,1,1,0,3,3,1,0,1,1,2,4
311,1,18,0,29,543503,0,4,1,1,0,0,1,1,0,0,4,1,1,0,0,3,6
312,1,21,0,16,228447,0,4,6,0,1,1,1,0,0,3,0,0,0,1,0,3,5
313,0,14,0,28,781454,1,2,5,0,0,1,1,0,0,5,3,1,1,1,2,2,6
314,1,17,0,8,725662,1,1,5,0,1,1,1,1,1,3,2,0,1,1,0,2,7
315,1,19,0,13,486156,0,1,7,1,0,0,1,0,0,0,5,1,1,0,0,3,6
316,1,14,0,30,196248,0,3,1,1,1,0,1,0,0,4,4,0,1,0,2,3,5
317,1,19,0,9,813767,0,4,5,1,1,0,1,1,1,5,3,1,1,0,0,3,6
318,0,17,0,19,310602,0,1,1,0,1,0,1,0,1,5,4,1,1,0,1,2,5
319,1,15,0,15,615637,1,1,2,0,0,0,1,1,0,4,0,0,0,0,1,2,2
320,1,16,0,25,541522,0,3,4,0,1,0,1,1,0,0,3,1,1,0,0,3,6
321,0,16,0,15,642763,0,4,7,1,0,0,1,1,0,1,4,1,0,0,1,2,2
322,1,21,0,1,757452,0,1,1,1,0,0,1,0,0,5,5,1,0,0,1,3,4
323,0,19,0,29,363306,1,1,3,1,0,1,1,0,0,0,5,1,1,1,2,3,7
324,0,14,0,21,841647,1,3,5,0,1,0,1,1,0,3,2,0,0,1,0,2,5
325,0,16,0,25,713322,1,3,1,0,0,0,1,0,0,3,4,0,1,0,0,3,4
326,0,16,0,1,815980,0,2,3,1,1,1,1,1,1,3,4,1,1,1,2,3,7
327,1,19,0,21,497129,1,1,3,1,0,1,1,0,0,2,5,0,0,0,1,3,3
328,1,20,0,16,487623,0,4,4,0,1,1,1,0,0,5,2,1,1,0,0,2,5
329,1,20,0,13,626567,0,3,4,1,0,0,1,1,0,0,5,1,1,1,2,2,6
330,0,15,0,4,897232,0,1,4,1,1,0,1,0,1,1,5,1,1,0,1,2,5
331,1,20,0,8,368981,1,4,7,1,1,0,1,0,0,0,5,0,0,0,0,3,4
332,0,14,0,12,239320,0,2,7,0,0,0,1,0,0,5,4,1,0,1,2,3,3
333,1,15,0,19,929841,0,4,4,0,0,0,1,0,0,2,1,0,0,1,0,2,2
334,0,14,0,14,651303,1,4,3,0,0,0,1,1,0,4,2,1,0,0,2,2,1
335,0,14,0,7,597628,1,3,7,1,1,1,1,1,0,1,3,0,0,0,2,3,4
336,1,16,0,22,987982,0,2,4,0,1,1,1,0,0,3,4,0,0,1,1,3,4
337,1,18,0,14,465865,1,2,6,0,1,1,1,0,0,3,1,0,0,0,1,3,3
338,0,20,0,17,865102,0,2,1,1,0,1,1,0,1,1,4,1,1,0,1,2,6
339,0,19,0,15,351265,0,2,1,1,0,0,1,0,0,2,0,1,1,0,2,3,6
340,0,14,0,19,557610,0,4,4,0,0,0,1,0,0,5,5,1,1,0,2,3,2
341,1,15,0,12,226636,1,4,1,0,1,0,1,1,0,4,4,0,0,0,2,3,2
342,0,18,0,25,921912,0,3,6,1,0,0,1,0,0,1,1,1,1,1,1,2,5
343,1,17,0,25,574912,1,4,5,0,0,1,1,0,0,4,1,1,0,1,2,2,4
344,0,14,0,33,648549,1,4,7,0,0,1,1,1,0,1,3,1,1,1,1,2,4
345,0,20,0,2,630696,0,4,4,0,0,0,1,0,0,5,2,1,0,0,2,2,1
346,0,14,0,24,239002,0,3,1,0,1,0,1,0,0,4,0,0,1,1,2,3,6
347,0,15,0,6,717153,0,3,6,0,0,1,1,0,0,4,2,1,1,0,1,3,4
348,1,16,0,24,659427,1,4,7,0,1,1,1,1,0,2,3,1,0,1,1,3,4
349,0,14,0,9,254421,0,1,5,0,0,0,1,1,0,4,5,0,0,0,1,2,2
350,1,18,0,21,857354,0,1,4,1,1,1,1,1,0,2,5,0,0,1,2,3,5
351,1,18,0,26,969925,1,2,2,1,1,1,1,1,0,0,3,0,0,0,0,2,6
352,1,19,0,27,228600,0,4,2,1,1,0,1,0,0,3,2,0,1,0,1,3,3
353,1,20,0,9,965466,1,2,2,1,0,0,1,0,0,5,5,0,1,0,1,3,3
354,0,21,0,25,698732,1,3,7,0,0,1,1,0,0,1,1,1,1,0,1,2,4
355,1,14,0,20,522038,1,1,7,1,0,1,1,0,0,0,4,0,1,0,2,2,5
356,0,14,0,16,580224,1,1,2,1,1,0,1,1,1,4,5,1,1,0,1,2,5
357,0,21,0,12,685194,0,4,3,1,0,0,1,0,0,5,1,1,0,1,0,2,4
358,1,14,0,15,263118,0,1,2,0,0,1,1,1,0,2,4,1,0,1,1,3,4
359,0,16,0,33,175186,0,3,1,1,0,1,1,0,1,2,0,1,1,0,0,2,8
360,0,21,0,10,809500,1,4,3,1,1,0,1,1,0,4,4,1,0,0,1,3,3
361,0,19,0,20,424415,0,4,2,1,1,1,1,1,0,3,4,0,0,0,0,3,4
362,1,16,0,32,602922,0,2,4,0,0,0,1,0,0,2,3,1,1,0,1,2,3
363,1,19,0,9,213762,1,1,5,0,1,0,1,1,0,0,0,0,0,1,2,2,6
364,1,19,0,25,652293,1,4,3,0,0,1,1,0,0,4,5,0,1,0,1,3,2
365,0,14,0,12,570990,1,2,5,0,0,1,1,0,0,2,0,1,0,1,1,2,6
366,0,18,0,14,168162,0,2,3,1,0,1,1,1,1,1,2,1,1,0,1,2,5
367,1,20,0,17,990077,1,4,2,0,1,1,1,0,0,2,1,0,0,0,1,3,2
368,0,18,0,16,722624,0,4,6,0,0,0,1,0,0,0,3,0,0,0,0,3,2
369,1,16,0,3,214255,0,2,3,0,1,0,1,1,0,4,5,0,1,1,0,2,5
370,0,19,0,11,346880,0,3,2,1,0,1,1,1,1,5,4,1,1,0,1,3,5
371,0,16,0,22,284712,0,4,1,0,0,1,1,1,0,4,1,0,1,1,1,2,4
372,0,20,0,1,445521,0,3,6,0,0,0,1,1,0,5,4,0,0,0,2,2,1
373,0,16,0,8,347664,1,2,5,1,0,0,1,1,1,0,4,1,1,1,0,2,8
374,0,16,0,28,671717,0,1,1,1,0,1,1,0,1,2,0,0,1,1,0,2,8
375,0,19,0,33,349778,0,1,7,1,0,0,1,1,0,2,1,0,1,0,0,2,4
376,0,19,0,20,962147,1,4,5,1,1,0,1,1,0,0,0,0,0,1,0,2,7
377,0,19,0,31,430792,1,3,4,1,1,0,1,0,0,2,4,0,0,1,0,2,5
378,1,18,0,26,726993,1,4,2,1,1,1,1,1,0,3,2,1,0,1,1,2,5
379,0,21,0,27,640981,1,4,4,1,1,0,1,1,0,0,2,1,1,0,1,3,5
380,0,21,0,19,250299,1,4,6,1,0,1,1,1,0,3,1,0,0,1,1,3,3
381,0,20,0,16,903827,0,1,2,1,0,1,1,1,0,2,3,0,1,0,2,3,4
382,1,17,0,4,548387,0,1,2,0,0,1,1,1,0,4,0,1,1,0,2,2,5
383,1,19,0,30,925800,0,4,1,0,0,0,1,1,0,0,2,0,1,0,2,3,3
384,1,18,0,18,586167,1,4,4,0,1,1,1,0,0,1,3,1,1,0,2,3,4
385,1,17,0,28,942989,1,1,5,0,1,1,1,0,1,5,5,1,1,0,0,3,7
386,1,18,0,26,759624,1,3,4,1,0,0,1,1,0,0,5,1,0,0,2,3,4
387,1,19,0,15,386514,1,1,2,0,1,1,1,1,0,0,1,0,0,0,0,3,5
388,0,15,0,33,939396,1,4,1,1,1,1,1,0,1,0,3,1,0,1,1,3,7
389,0,19,0,31,801742,0,2,6,1,0,0,1,0,0,3,0,0,0,1,1,3,4
390,0,21,0,31,726140,0,1,2,0,1,1,1,0,1,0,1,1,1,1,1,2,7
391,0,15,0,22,851562,1,1,7,0,0,0,1,0,0,2,4,1,1,1,2,2,4
392,0,15,0,5,276305,0,4,5,1,1,0,1,0,1,1,5,1,1,0,1,2,5
393,1,17,0,32,611294,0,3,6,0,0,0,1,0,0,3,5,1,1,1,0,2,5
394,1,19,0,8,735727,1,2,3,0,0,1,1,1,0,4,1,1,0,1,2,2,4
395,1,20,0,8,609046,0,2,6,0,1,1,1,1,1,0,5,1,1,1,0,3,8
396,1,14,0,5,934485,1,2,2,0,1,0,1,1,0,0,3,1,1,0,2,2,5
397,0,16,0,15,959224,0,2,5,1,0,0,1,0,0,1,2,0,1,1,0,3,6
398,0,14,0,16,640652,0,4,6,0,1,1,1,1,0,3,0,1,0,0,0,3,5
399,1,17,0,4,715384,0,3,5,0,1,0,1,1,0,2,0,0,1,0,0,3,6
400,0,20,0,6,448138,0,4,7,1,1,1,1,1,0,4,5,0,0,0,1,3,3
401,1,14,0,26,704799,1,3,5,0,1,0,1,1,1,1,1,1,1,0,1,2,5
402,1,17,0,12,514671,0,2,1,1,1,1,1,1,1,4,5,1,0,1,0,3,8
403,0,16,0,1,532412,0,2,2,0,1,1,1,1,0,4,5,1,0,0,0,2,5
404,1,17,0,30,780794,0,4,1,1,0,0,1,1,0,5,3,1,0,1,1,2,4
405,1,21,0,27,545990,1,1,7,0,0,0,1,0,0,1,4,0,0,1,1,2,2
406,1,18,0,5,691698,1,2,5,1,0,0,1,1,0,2,3,0,1,1,0,2,6
407,1,15,0,28,518817,1,4,5,0,1,0,1,1,0,3,1,1,0,0,2,2,3
408,0,15,0,31,971494,0,4,7,1,0,1,1,1,0,2,5,1,0,1,1,2,4
409,0,14,0,29,826273,1,1,6,0,1,0,1,0,0,2,0,0,1,0,2,2,4
410,0,17,0,4,171855,0,2,3,1,1,1,1,0,1,2,4,1,1,1,1,2,7
411,0,20,0,8,733147,0,4,4,0,0,0,1,0,0,3,0,1,1,0,0,2,4
412,0,14,0,33,277808,0,2,1,0,0,1,1,0,0,3,0,1,0,0,1,2,5
413,0,16,0,24,959067,0,1,5,1,0,1,1,1,0,5,2,0,1,0,2,2,5
414,1,20,0,23,249517,1,3,1,0,0,0,1,0,0,1,4,0,1,1,1,2,4
415,0,21,0,3,409333,0,4,7,1,1,1,1,0,0,3,0,0,0,1,0,2,6
416,1,16,0,26,892977,1,2,1,0,0,0,1,0,0,2,4,0,0,1,2,3,3
417,0,20,0,24,765193,1,3,4,0,1,1,1,0,0,3,4,0,0,0,1,2,3
418,1,15,0,15,559131,1,2,4,0,1,0,1,0,0,1,4,0,0,0,2,2,2
419,0,16,0,26,674852,1,4,2,1,0,0,1,0,0,4,5,0,0,1,2,3,2
420,0,18,0,22,891702,1,4,4,1,0,1,1,1,0,1,3,0,1,0,2,2,3
421,1,14,0,22,297377,0,4,2,1,0,0,1,1,0,0,5,0,0,0,0,3,3
422,0,18,0,18,436837,1,1,3,0,0,1,1,1,0,1,4,1,0,1,1,2,4
423,0,21,0,4,551949,0,3,7,0,1,1,1,1,0,4,0,1,0,1,0,3,7
424,0,21,0,28,330849,1,4,4,0,0,0,1,0,0,2,0,0,0,0,1,3,1
425,1,15,0,18,587814,0,1,4,0,1,0,1,1,0,1,5,1,0,0,2,3,3
426,0,17,0,12,670405,0,1,2,1,1,0,1,0,0,3,5,1,1,0,2,2,5
427,1,14,0,16,258236,1,1,3,1,1,1,1,1,1,2,4,0,1,0,0,3,6
428,0,19,0,10,619653,0,2,4,0,1,1,1,0,0,2,0,1,0,0,1,2,5
429,0,14,0,1,977880,0,3,3,1,1,1,1,1,1,4,5,1,1,1,0,2,8
430,0,15,0,18,690028,0,4,6,1,0,0,1,1,0,2,1,1,1,1,2,3,4
431,1,19,0,31,171055,1,2,2,0,0,0,1,0,0,5,3,0,0,1,1,3,2
432,1,20,0,20,712418,0,1,4,0,1,0,1,1,0,2,0,1,0,1,0,2,6
433,1,18,0,20,384413,0,2,7,1,1,0,1,1,0,3,0,1,1,0,2,3,6
434,0,20,0,13,482554,0,4,2,0,1,0,1,1,0,1,1,0,1,0,0,3,3
435,1,21,0,12,195865,1,1,7,0,0,1,1,1,0,1,5,0,1,0,0,2,4
436,0,21,0,9,698392,1,3,3,1,1,0,1,0,1,4,5,1,1,0,1,2,5
437,1,18,0,33,913394,1,3,6,1,1,0,1,0,0,0,4,0,0,1,1,2,5
438,0,17,0,26,547318,0,4,3,0,1,1,1,1,0,0,2,0,1,0,0,2,5
439,1,18,0,32,460345,0,4,1,0,1,1,1,0,0,2,1,1,0,0,2,2,4
440,0,17,0,26,635179,0,4,7,1,1,0,1,1,0,5,2,1,0,0,2,3,3
441,1,14,0,15,427169,1,1,4,1,0,1,1,0,0,5,3,0,0,0,2,3,3
442,0,14,0,8,386241,0,3,5,1,1,0,1,0,0,3,4,1,0,0,2,2,5
443,1,17,0,13,687314,0,2,3,0,0,1,1,1,0,3,4,1,0,1,2,3,4
444,0,20,0,31,216023,1,2,4,0,0,1,1,0,0,0,0,1,0,1,1,3,6
445,0,17,0,20,227797,1,2,6,0,0,1,1,0,0,0,1,1,0,1,0,3,6
446,1,21,0,2,556408,0,3,5,0,1,0,1,1,0,3,5,1,1,1,2,3,6
447,0,17,0,10,281002,1,3,6,0,1,1,1,1,0,1,2,1,0,1,1,3,5
448,1,17,0,17,855171,1,3,5,1,1,0,1,1,0,0,3,0,0,1,2,2,6
449,0,15,0,1,936611,1,1,6,0,1,1,1,1,0,0,1,0,0,1,1,2,5
450,0,20,0,25,987874,1,2,6,1,0,1,1,1,0,1,1,0,1,0,0,2,5
451,1,20,0,31,759304,1,1,7,1,1,1,1,0,1,3,5,1,0,0,0,2,6
452,0,17,0,21,241689,1,1,3,1,0,0,1,0,0,4,1,0,1,1,1,3,4
453,0,20,0,14,595424,1,2,2,0,0,0,1,0,0,1,3,0,1,0,2,3,2
454,0,21,0,23,860534,0,4,4,1,1,0,1,0,0,1,0,0,1,1,1,3,5
455,1,16,0,4,457154,1,2,6,1,0,0,1,0,0,2,0,1,0,0,2,2,4
456,0,14,0,8,128269,1,4,5,1,1,0,1,0,0,3,0,0,0,0,0,2,5
457,1,21,0,25,876768,1,3,1,0,0,1,1,0,0,4,2,0,1,0,2,3,4
458,0,18,0,4,175083,1,2,7,1,1,0,1,1,0,5,3,0,0,0,0,3,4
459,1,17,0,23,857627,1,1,3,1,0,1,1,0,0,1,1,1,0,0,0,3,5
460,1,16,0,12,198780,1,1,7,1,1,0,1,1,0,2,2,1,1,1,2,2,6
461,1,17,0,23,291440,0,4,5,1,1,1,1,0,1,1,3,1,1,0,0,3,7
462,0,20,0,12,688663,1,1,4,0,1,1,1,1,0,4,3,1,1,0,2,2,5
463,0,17,0,23,699857,1,1,4,0,1,1,1,1,1,4,0,1,1,0,0,2,7
464,0,20,0,10,296737,1,1,7,1,1,0,1,1,0,3,0,1,0,0,2,2,5
465,0,15,0,29,754704,1,1,6,0,1,0,1,1,0,5,4,1,1,1,0,2,6
466,0,21,0,4,560275,1,2,1,1,1,0,1,0,1,0,4,1,1,0,0,2,8
467,1,18,0,22,833225,1,1,6,0,0,0,1,1,0,1,1,1,0,0,0,2,3
468,1,19,0,7,540718,0,4,3,1,0,0,1,1,0,1,3,0,0,1,0,2,3
469,0,18,0,16,706696,1,2,3,1,0,1,1,0,0,4,3,1,1,1,2,2,6
470,1,21,0,17,419958,0,4,3,1,1,1,1,1,0,1,0,0,0,1,0,2,6
471,1,17,0,12,968641,0,2,5,1,0,0,1,1,1,2,3,1,1,0,1,3,5
472,0,19,0,19,124548,1,1,2,0,0,1,1,0,0,3,2,0,1,0,2,2,3
473,0,18,0,25,400153,1,4,6,1,0,0,1,0,0,2,4,1,0,0,2,3,2
474,0,21,0,2,639106,0,4,3,0,1,0,1,0,0,0,1,0,1,1,2,2,4
475,1,19,0,30,798115,0,1,4,0,0,1,1,0,0,0,2,0,0,1,1,3,4
476,1,21,0,5,232781,1,1,4,0,0,0,1,1,0,5,5,0,0,1,2,2,2
477,1,15,0,27,302724,1,4,2,0,0,0,1,1,0,1,2,0,0,1,0,3,2
478,0,19,0,33,114884,0,4,2,0,0,0,1,1,0,0,3,0,1,0,0,3,3
479,1,20,0,23,635178,1,4,2,1,1,0,1,0,0,3,3,1,0,0,2,2,3
480,1,18,0,10,273811,0,2,3,1,1,1,1,0,1,4,5,1,1,0,2,2,6
481,0,19,0,30,700932,0,3,5,0,1,0,1,0,0,4,0,1,0,1,1,2,6
482,1,17,0,12,111747,0,4,3,1,1,1,1,0,0,3,2,0,1,1,0,3,6
483,0,20,0,31,993517,1,3,4,0,1,1,1,0,0,2,5,0,1,1,1,2,5
484,1,14,0,32,876781,1,2,1,0,0,0,1,0,0,2,0,0,1,1,2,2,5
485,1,15,0,9,204821,1,2,7,1,0,0,1,0,0,3,3,1,1,0,1,3,4
486,1,15,0,15,183076,0,2,2,0,1,1,1,1,0,2,4,1,0,1,1,3,5
487,1,20,0,6,591465,0,3,1,1,1,0,1,1,0,2,4,1,0,1,2,2,6
488,1,21,0,2,259116,0,2,2,1,1,1,1,0,0,4,2,1,0,0,2,2,5
489,1,20,0,25,714274,0,1,3,0,0,1,1,0,0,4,3,0,0,1,2,3,3
490,0,20,0,5,259345,1,3,3,0,0,1,1,0,0,5,1,1,0,0,2,3,3
491,0,17,0,24,590334,1,3,6,1,0,1,1,1,1,4,0,1,1,0,0,2,7
492,0,15,0,13,204277,0,3,3,1,1,0,1,1,0,0,2,1,0,0,0,2,6
493,0,16,0,33,520011,1,2,1,1,0,1,1,1,1,3,1,1,1,0,2,3,6
494,1,20,0,15,302577,0,4,3,1,1,1,1,1,0,3,5,0,1,0,2,2,4
495,1,14,0,16,333745,0,3,1,1,0,1,1,0,0,1,1,0,0,1,2,2,5
496,1,14,0,23,438827,1,3,5,1,1,1,1,0,1,5,4,0,1,0,1,3,6
497,0,15,0,23,463114,0,3,2,0,1,0,1,0,0,5,2,0,0,0,1,3,2
498,0,20,0,10,934674,1,2,6,0,1,0,1,0,0,5,3,0,1,0,2,2,3
499,0,21,0,6,897669,1,2,5,0,0,0,1,0,0,4,2,0,1,0,1,3,3
500,0,19,0,3,552932,1,2,3,0,0,1,1,0,0,2,4,1,0,0,1,3,3
501,1,17,0,21,466686,0,3,4,0,1,0,1,0,0,2,5,0,1,0,2,3,3
502,1,17,0,10,927226,1,4,3,1,1,1,1,0,0,5,4,0,0,1,1,3,4
503,1,20,0,4,942317,0,3,7,0,1,0,1,0,0,0,2,0,0,0,1,2,3
504,0,17,0,15,991241,0,2,1,1,1,0,1,1,1,1,0,1,1,1,0,3,9
505,0,14,0,33,393023,1,4,1,1,0,1,1,0,0,2,2,0,0,0,0,2,4
506,1,15,0,17,392687,1,3,5,0,1,1,1,1,1,5,4,1,1,0,0,3,7
507,0,19,0,6,899519,1,2,4,0,1,1,1,0,0,5,0,0,1,1,1,2,6
508,1,21,0,33,385002,0,1,5,0,0,0,1,0,0,1,0,0,0,0,1,3,3
509,1,17,0,30,513861,0,4,2,1,1,1,1,0,1,3,3,1,1,0,0,2,6
510,0,17,0,7,385687,1,1,4,1,1,0,1,0,0,4,3,0,0,0,0,3,4
511,0,18,0,33,210710,1,2,1,1,1,0,1,1,0,3,4,0,1,0,2,2,5
512,1,14,0,25,712411,0,3,2,0,0,0,1,0,0,4,3,1,1,1,2,3,4
513,0,17,0,6,243253,0,2,2,1,1,1,1,1,1,4,0,1,1,1,0,2,9
514,0,20,0,32,853335,1,4,6,1,0,1,1,1,0,0,2,1,0,0,1,2,4
515,1,20,0,17,817568,1,4,3,1,0,1,1,0,0,0,5,1,0,0,2,2,4
516,0,19,0,30,240364,1,1,3,0,1,1,1,0,0,1,3,0,0,1,0,2,5
517,1,20,0,6,505715,0,3,2,1,0,0,1,0,0,2,1,0,1,1,1,2,4
518,0,21,0,3,353359,0,4,5,0,1,1,1,1,0,4,2,1,0,1,0,3,6
519,1,18,0,2,177689,1,4,5,0,1,1,1,0,0,1,3,0,1,0,1,2,4
520,1,21,0,8,472446,1,1,6,1,1,0,1,0,1,1,2,1,1,0,1,3,5
521,0,18,0,7,307593,0,2,5,0,1,1,1,0,1,4,0,1,1,0,1,3,7
522,0,17,0,33,688994,0,3,4,0,0,0,1,1,0,5,1,0,1,1,1,3,3
523,1,15,0,26,286886,1,3,3,0,0,0,1,0,0,3,3,1,0,1,0,3,4
524,1,20,0,14,516402,1,1,7,0,0,0,1,1,0,3,3,1,1,0,1,3,3
525,1,20,0,6,413801,1,4,4,0,0,1,1,0,0,1,2,0,1,0,1,2,2
526,1,14,0,3,700646,1,1,7,1,0,1,1,1,0,2,4,1,1,1,2,3,6
527,0,18,0,13,426667,1,4,7,1,1,0,1,1,0,4,2,1,1,1,1,2,5
528,1,20,0,1,389314,0,1,5,1,0,0,1,0,1,3,2,1,1,1,0,2,7
529,0,16,0,27,282959,0,2,7,1,1,1,1,0,1,5,5,1,1,1,2,3,7
530,1,15,0,6,573326,0,2,3,0,0,1,1,0,0,3,0,1,1,0,0,2,6
531,1,14,0,18,175766,0,3,6,0,1,0,1,1,0,4,3,0,0,0,0,2,3
532,0,14,0,29,689368,1,2,3,0,1,1,1,0,0,3,3,0,0,1,2,3,4
533,1,17,0,31,803709,0,1,7,0,0,0,1,0,0,1,4,0,1,1,2,2,3
534,1,16,0,32,498827,1,3,5,1,1,1,1,1,1,5,1,0,0,0,0,3,6
535,1,19,0,32,517130,0,3,6,1,1,1,1,0,0,1,0,0,0,0,2,2,5
536,1,15,0,21,445838,1,1,7,1,1,1,1,1,0,1,1,0,0,0,1,2,4
537,1,17,0,11,903623,1,4,1,0,0,0,1,1,0,2,1,0,1,1,2,2,3
538,0,18,0,23,483927,1,1,3,1,1,1,1,0,1,0,4,1,0,1,0,3,8
539,0,17,0,16,414312,0,1,6,0,0,1,1,0,0,1,4,0,1,0,2,3,3
540,0,15,0,20,925111,1,1,7,1,1,1,1,0,0,4,5,0,0,1,1,3,5
541,0,16,0,5,325233,0,2,6,0,1,1,1,1,0,1,1,0,0,0,0,2,4
542,1,19,0,25,853679,1,2,3,1,0,0,1,1,0,2,4,1,1,0,2,3,4
543,0,18,0,10,468187,1,1,3,0,1,0,1,0,0,4,2,1,0,1,0,2,5
544,0,19,0,14,275588,0,4,1,0,1,0,1,0,0,3,3,0,1,0,2,2,3
545,1,21,0,9,447893,1,4,7,0,1,0,1,0,0,0,5,1,1,1,2,2,5
546,0,19,0,27,228895,0,1,4,1,1,0,1,0,0,0,5,0,0,1,0,2,6
547,0,18,0,16,640777,0,2,5,1,1,1,1,1,1,3,2,0,1,1,2,3,7
548,0,18,0,16,138217,0,4,7,0,0,0,1,0,0,3,4,0,0,1,2,3,1
549,1,20,0,28,201715,0,4,2,0,0,1,1,0,0,5,3,0,1,1,2,2,3
550,0,18,0,33,125864,0,1,4,1,0,1,1,1,0,3,1,1,0,0,0,2,5
551,1,17,0,22,881071,0,2,3,0,0,0,1,1,0,2,4,0,0,0,2,3,1
552,0,19,0,3,287801,1,2,6,0,0,1,1,0,0,3,2,1,1,0,2,3,4
553,0,16,0,12,648495,1,1,6,0,1,0,1,0,0,3,4,0,1,1,1,2,4
554,1,19,0,4,389689,1,2,6,0,1,0,1,0,0,4,5,1,0,0,1,2,3
555,0,18,0,22,919141,0,4,5,0,1,1,1,0,0,1,2,1,0,1,0,3,6
556,1,20,0,13,780796,1,3,2,0,1,0,1,1,0,5,0,1,0,0,1,3,4
557,1,15,0,7,138713,0,3,3,1,1,1,1,1,1,1,3,0,1,0,1,3,5
558,1,16,0,30,763796,1,2,6,1,1,0,1,0,1,2,0,1,1,1,1,3,7
559,1,14,0,10,954053,1,1,3,0,0,1,1,1,0,4,3,1,1,1,0,2,6
560,0,16,0,5,301466,0,2,3,1,1,0,1,1,0,2,2,1,0,1,1,3,5
561,1,19,0,20,315683,1,3,1,1,1,1,1,1,1,3,0,1,1,1,1,3,9
562,1,20,0,10,794860,1,3,3,0,1,1,1,0,0,1,2,1,1,0,2,2,5
563,1,14,0,6,892510,1,1,1,1,0,0,1,1,0,3,2,0,1,0,2,3,4
564,1,17,0,3,642186,0,1,5,1,0,1,1,0,1,4,2,0,1,1,1,3,6
565,1,16,0,15,516589,0,1,1,1,1,0,1,1,1,3,3,1,0,1,1,3,6
566,1,21,0,8,974653,1,4,7,0,1,0,1,0,0,0,4,1,1,1,2,3,5
567,1,17,0,6,865464,0,1,4,1,0,1,1,1,0,3,2,0,1,1,1,3,5
568,1,17,0,23,969834,0,3,6,1,1,1,1,0,0,3,1,0,1,0,2,2,5
569,0,18,0,32,537655,0,3,1,1,1,0,1,1,1,4,2,1,0,0,0,2,6
570,1,17,0,3,972563,1,1,2,1,0,1,1,1,0,5,0,0,0,0,2,2,4
571,1,16,0,22,403577,1,3,6,1,0,1,1,0,0,4,0,0,0,1,2,3,5
572,1,15,0,32,163019,0,1,4,1,1,0,1,0,0,4,5,0,1,0,2,3,4
573,1,18,0,17,176020,0,2,6,0,0,0,1,1,0,2,4,1,0,0,2,2,2
574,0,15,0,17,681485,1,4,6,0,1,1,1,1,0,3,3,0,0,1,2,3,3
575,1,14,0,4,111634,0,1,5,1,1,1,1,1,1,1,3,1,0,1,0,3,8
576,0,14,0,25,165481,0,4,6,0,1,0,1,0,0,5,1,0,0,0,0,2,2
577,1,16,0,10,211761,0,2,6,0,0,1,1,1,0,1,0,1,0,1,1,3,5
578,0,19,0,22,140891,0,1,5,1,1,1,1,0,1,2,3,1,0,0,2,2,6
579,0,16,0,11,391181,1,1,4,1,1,1,1,0,0,3,0,0,0,1,1,2,6
580,1,19,0,9,656042,1,1,7,1,1,0,1,0,0,3,2,0,1,1,0,3,6
581,1,16,0,1,661035,1,2,4,0,0,0,1,0,0,2,0,0,1,0,0,2,4
582,0,16,0,26,769860,1,2,3,1,0,1,1,1,0,1,3,1,0,0,1,2,4
583,1,15,0,2,497666,1,4,5,1,1,0,1,0,0,1,5,0,0,1,0,2,5
584,1,16,0,33,718295,1,4,5,1,1,1,1,0,1,3,1,0,1,0,1,2,5
585,0,21,0,33,882181,0,3,2,1,0,0,1,1,0,0,1,0,1,0,0,2,5
586,0,17,0,12,739490,0,4,1,1,1,1,1,1,1,5,3,1,0,0,1,2,5
587,0,18,0,20,427550,1,1,3,1,1,1,1,1,0,0,1,0,0,0,1,2,5
588,0,21,0,26,159357,1,1,6,0,0,0,1,1,0,2,5,0,1,0,2,2,2
589,1,21,0,2,450823,0,2,6,0,1,0,1,1,0,0,2,0,0,0,0,3,4
590,1,16,0,18,627540,0,4,6,0,0,0,1,0,0,2,2,1,0,0,2,2,1
591,1,21,0,5,478951,1,1,7,1,0,1,1,1,0,1,2,1,0,0,0,3,5
592,1,21,0,26,787622,0,1,7,0,0,0,1,0,0,4,2,0,1,1,2,2,3
593,0,14,0,13,970891,0,2,4,0,0,1,1,1,0,5,1,0,1,0,0,3,4
594,0,21,0,10,172598,1,2,4,0,0,1,1,1,0,5,0,1,0,0,0,3,5
595,1,15,0,32,149688,0,4,3,0,0,0,1,1,0,3,5,0,1,0,1,3,1
596,0,18,0,18,981125,1,2,5,0,0,0,1,1,0,2,4,0,0,0,2,3,2
597,1,14,0,25,267110,0,4,6,0,0,0,1,1,0,4,2,0,0,1,0,3,2
598,0,15,0,33,980649,0,2,1,0,0,1,1,1,0,5,2,1,1,1,2,2,6
599,1,21,0,33,662469,1,2,4,0,1,0,1,0,0,5,2,1,1,1,2,3,5
600,0,14,0,19,594291,0,1,1,1,1,0,1,1,1,0,2,1,1,1,0,2,9
601,0,19,0,19,599827,1,2,4,1,1,1,1,1,1,0,2,1,0,0,0,2,7
602,0,21,0,33,989218,1,2,6,1,1,0,1,1,1,4,3,1,1,1,0,3,7
603,0,21,0,23,505057,0,3,5,0,1,0,1,1,0,3,4,0,0,1,0,2,5
604,0,16,0,20,550323,1,2,6,1,1,0,1,0,0,0,3,0,1,1,1,2,6
605,1,16,0,10,766145,0,1,6,0,0,1,1,1,0,0,1,0,1,0,1,2,4
606,1,20,0,1,585364,1,3,5,0,1,0,1,0,0,2,3,0,0,0,0,2,4
607,1,17,0,22,499107,0,4,6,0,0,0,1,0,0,0,4,1,0,1,0,3,4
608,1,21,0,18,793734,1,1,6,1,0,1,1,0,0,4,5,0,1,0,1,2,4
609,1,21,0,21,202169,0,2,3,1,0,0,1,1,0,3,0,0,1,1,1,3,5
610,1,15,0,24,614974,1,3,5,0,0,1,1,1,0,2,1,1,1,0,2,3,5
611,1,18,0,29,953909,0,2,4,0,1,1,1,1,0,4,0,0,1,0,2,2,5
612,1,21,0,23,521445,1,4,4,0,0,0,1,0,0,5,4,0,0,0,1,2,0
613,1,17,0,33,813203,0,3,3,0,0,1,1,1,0,4,0,1,1,1,1,3,6
614,1,19,0,22,445271,0,3,3,0,1,1,1,1,0,1,2,0,1,1,0,3,6
615,0,21,0,29,198260,0,3,4,1,0,0,1,0,0,3,5,0,0,0,1,3,2
616,1,14,0,11,882595,0,3,1,1,0,0,1,1,0,5,2,0,1,1,1,3,5
617,0,14,0,8,342874,1,2,5,1,0,0,1,1,0,1,3,1,0,0,0,2,5
618,0,18,0,17,194716,0,2,2,0,0,0,1,0,0,4,1,0,0,0,2,3,1
619,1,19,0,27,548411,0,4,1,1,1,0,1,0,0,1,0,0,0,1,0,3,6
620,1,17,0,4,858875,1,4,5,0,0,0,1,1,0,5,3,0,1,0,0,3,3
621,0,20,0,5,315302,0,3,5,0,0,0,1,0,0,1,5,1,1,0,1,3,4
622,1,19,0,15,113407,1,1,7,1,1,0,1,1,0,0,3,1,0,0,2,2,5
623,1,21,0,11,784848,1,4,1,1,1,1,1,0,1,1,2,0,1,0,0,2,6
624,0,16,0,28,920058,1,4,5,0,1,1,1,0,0,4,5,0,1,0,0,3,5
625,0,20,0,30,613054,0,1,7,1,1,0,1,0,0,2,4,1,1,1,2,3,6
626,0,18,0,8,327096,1,2,7,1,1,0,1,0,0,3,4,1,1,0,2,2,5
627,1,15,0,9,364250,1,4,7,1,0,1,1,0,0,0,3,0,1,0,1,2,4
628,0,15,0,24,959930,0,2,3,0,0,0,1,1,0,1,3,1,1,1,0,3,5
629,1,18,0,29,254493,0,3,3,0,0,1,1,1,0,0,1,0,0,1,2,3,4
630,0,14,0,20,193575,0,2,1,1,0,1,1,0,0,3,4,1,0,1,2,2,6
631,1,18,0,29,774437,1,1,4,0,0,1,1,0,0,2,5,1,0,1,1,2,4
632,0,20,0,13,289589,0,4,6,0,1,0,1,1,0,1,0,1,0,0,2,3,3
633,0,15,0,26,129444,0,4,5,0,1,1,1,0,0,4,4,0,1,0,1,3,4
634,0,18,0,16,583490,1,3,6,1,1,1,1,0,0,4,3,1,0,0,2,2,5
635,1,16,0,23,538196,1,2,1,0,1,1,1,1,1,0,1,1,1,1,0,3,9
636,0,19,0,12,764506,1,2,7,0,1,1,1,1,0,4,1,1,0,1,1,3,5
637,1,19,0,18,786314,1,2,3,1,1,1,1,0,0,2,5,0,0,1,2,3,5
638,1,15,0,18,488855,1,3,7,1,1,1,1,0,1,4,3,1,0,1,0,3,7
639,0,18,0,12,608835,1,1,6,0,0,0,1,1,0,5,1,1,1,1,0,3,5
640,0,14,0,13,782359,1,2,1,0,1,1,1,0,1,2,3,1,1,1,1,3,7
641,0,17,0,15,614645,1,3,6,1,1,0,1,0,0,5,1,1,0,0,0,2,5
642,0,21,0,32,370292,0,1,6,1,0,1,1,0,0,5,3,0,1,0,1,2,4
643,1,19,0,16,498436,0,2,1,1,1,1,1,1,1,2,3,1,0,1,2,3,7
644,0,21,0,6,354802,1,2,7,1,0,0,1,0,0,5,3,1,0,0,0,3,4
645,0,17,0,2,267979,0,4,4,0,1,1,1,0,0,3,5,0,1,1,0,3,5
646,1,17,0,32,356323,1,4,2,0,0,0,1,1,0,5,3,0,0,1,1,2,1
647,1,20,0,30,438963,1,1,2,0,0,1,1,1,0,5,3,1,0,1,2,2,4
648,0,14,0,18,172459,1,4,4,1,0,0,1,1,0,1,4,1,0,0,0,3,3
649,0,18,0,2,811633,1,2,4,0,0,0,1,1,0,5,2,0,0,0,2,2,1
650,1,20,0,11,693602,1,4,7,1,0,1,1,1,0,0,5,0,0,0,2,2,3
651,1,16,0,33,530017,1,4,7,1,0,1,1,1,0,5,3,0,1,0,2,2,3
652,0,15,0,32,326357,1,3,5,1,0,0,1,0,0,1,0,1,0,1,2,3,6
653,0,15,0,5,969787,0,3,4,1,1,0,1,1,0,0,2,0,0,1,2,2,5
654,0,15,0,7,938133,1,4,4,0,1,1,1,1,0,4,0,1,0,1,2,3,5
655,0,16,0,7,175144,0,4,6,0,0,1,1,0,0,3,3,1,0,0,2,2,2
656,1,19,0,10,898520,0,3,3,1,1,1,1,0,1,2,2,0,1,0,1,3,5
657,0,16,0,8,541544,1,4,2,1,0,0,1,1,0,0,1,0,1,0,0,3,4
658,0,20,0,2,385341,0,4,6,0,0,0,1,0,0,0,0,0,1,0,0,2,4
659,1,20,0,33,373341,0,1,1,0,0,1,1,0,0,0,4,1,0,1,2,3,6
660,0,18,0,6,989438,1,1,7,1,1,0,1,0,0,4,4,0,1,0,2,2,4
661,0,16,0,26,778768,0,4,3,1,0,0,1,1,0,3,1,1,0,1,0,2,4
662,0,18,0,30,272424,1,2,2,0,0,0,1,0,0,0,3,0,0,1,0,2,4
663,0,15,0,11,280499,0,4,6,1,0,1,1,0,0,2,5,1,0,1,1,3,4
664,0,16,0,24,910746,0,2,5,1,0,0,1,1,1,4,4,1,1,0,1,2,5
665,0,14,0,6,935994,1,1,3,1,1,0,1,1,0,4,2,1,0,1,1,2,5
666,0,16,0,8,127601,0,1,5,0,1,0,1,1,0,0,1,0,0,0,0,2,5
667,1,18,0,11,553616,1,3,5,1,1,0,1,1,0,4,4,1,0,0,2,3,5
668,0,18,0,9,459810,1,3,4,1,0,1,1,0,0,2,5,0,0,0,2,3,3
669,1,14,0,33,203602,1,1,5,1,0,0,1,1,0,4,3,1,0,0,1,2,4
670,0,21,0,9,954198,1,1,3,0,1,0,1,0,0,5,4,0,0,0,1,2,2
671,1,19,0,20,227592,1,3,7,0,0,0,1,0,0,4,2,1,1,1,1,3,4
672,0,16,0,17,631278,1,4,7,0,0,0,1,0,0,4,1,1,0,1,0,2,3
673,0,18,0,21,930744,1,2,1,1,1,0,1,0,0,4,3,1,0,1,2,3,6
674,1,16,0,30,278693,1,2,1,0,1,1,1,0,0,5,1,0,0,0,2,3,4
675,1,16,0,9,805837,1,2,4,0,0,0,1,1,0,0,2,0,0,1,0,2,4
676,0,14,0,26,809019,0,2,5,1,1,1,1,1,1,4,3,1,0,0,1,3,6
677,1,15,0,25,878723,0,1,6,1,1,0,1,0,0,3,5,0,1,0,1,2,4
678,1,19,0,5,460745,0,3,5,1,1,0,1,0,1,2,2,1,0,0,0,3,6
679,1,18,0,28,649573,0,2,5,1,0,0,1,1,0,3,4,0,1,1,0,2,6
680,0,17,0,18,642488,0,2,2,1,0,1,1,0,0,0,4,1,0,1,0,3,7
681,0,17,0,9,996387,1,4,5,0,1,1,1,0,0,2,5,0,1,1,2,2,5
682,1,15,0,17,948821,1,1,1,1,0,1,1,1,0,1,4,0,1,0,2,2,5
683,0,14,0,10,848796,1,1,5,0,0,0,1,1,0,2,4,1,1,0,2,2,4
684,0,16,0,33,555439,0,4,3,1,0,1,1,0,0,4,2,1,1,0,2,3,4
685,1,19,0,33,432190,0,2,6,1,0,0,1,1,0,2,5,0,1,0,0,3,4
686,1,15,0,29,256206,1,1,3,0,0,0,1,1,0,0,3,1,1,1,0,2,6
687,1,19,0,6,328187,1,3,6,0,0,0,1,1,0,4,2,0,0,0,0,2,2
688,0,20,0,32,495542,0,2,1,1,1,0,1,1,1,0,2,1,1,1,1,2,8
689,1,19,0,24,415107,1,4,6,1,1,0,1,1,0,5,1,0,0,1,0,2,4
690,0,18,0,7,551063,0,2,3,0,0,0,1,0,0,1,4,0,1,0,0,3,3
691,0,16,0,4,983784,0,2,2,1,0,1,1,1,0,0,2,1,0,1,0,3,7
692,1,19,0,7,888449,1,3,2,1,0,1,1,1,0,2,5,0,0,1,1,2,4
693,0,16,0,24,359692,0,4,2,0,0,1,1,1,0,1,3,0,0,1,1,3,2
694,1,20,0,31,678737,0,4,2,1,0,0,1,1,0,3,2,0,0,0,2,3,1
695,0,17,0,27,716548,0,4,6,1,0,1,1,1,0,4,5,0,1,0,2,3,3
696,0,19,0,6,364942,0,4,5,0,1,0,1,0,0,5,1,1,0,1,0,3,5
697,1,20,0,8,412521,1,4,1,0,0,0,1,0,0,1,1,0,0,1,2,2,2
698,1,21,0,30,831148,1,3,3,0,0,1,1,0,0,5,5,1,0,0,2,2,3
699,1,17,0,4,215926,0,4,5,1,1,0,1,1,0,5,0,1,0,1,1,2,6
700,0,21,0,1,795876,1,2,7,1,1,0,1,1,0,0,0,1,0,0,0,2,7
701,1,17,0,12,213714,1,2,7,0,1,1,1,0,1,4,1,1,1,1,1,2,6
702,1,15,0,33,391536,1,1,4,0,0,1,1,0,0,2,0,1,0,0,0,3,5
703,0,17,0,25,694617,0,2,4,1,1,1,1,0,0,5,1,0,0,0,1,3,4
704,1,21,0,30,385851,1,1,2,0,0,0,1,1,0,3,3,1,1,1,0,3,5
705,0,15,0,1,786972,0,3,5,0,1,1,1,1,0,1,3,0,0,0,0,3,5
706,1,18,0,6,823927,1,2,2,1,1,0,1,0,0,4,1,1,0,0,0,2,5
707,1,21,0,25,484939,0,4,1,0,1,0,1,1,0,0,3,1,1,0,2,3,5
708,0,18,0,5,931508,0,1,7,1,0,0,1,1,0,4,5,1,1,1,1,2,5
709,0,19,0,27,527989,1,3,3,1,1,1,1,0,0,2,5,0,0,0,0,3,5
710,1,16,0,25,734524,1,4,6,0,1,1,1,1,0,1,2,1,1,0,2,2,4
711,0,16,0,17,921950,0,2,4,0,1,0,1,1,0,0,4,1,0,0,2,3,4
712,1,17,0,10,733219,1,3,4,1,0,1,1,0,0,1,3,0,1,1,0,2,6
713,1,21,0,32,123080,0,3,1,1,0,1,1,1,1,2,1,1,1,0,0,3,7
714,1,14,0,10,628920,1,4,2,1,1,1,1,0,0,3,3,1,0,1,2,3,5
715,0,14,0,11,925467,0,1,2,0,0,1,1,1,0,2,5,0,1,0,0,2,4
716,0,20,0,18,726152,0,4,5,0,0,1,1,0,0,4,1,0,0,0,1,2,2
717,0,19,0,4,675180,0,1,1,0,0,0,1,1,0,4,0,1,1,1,1,3,6
718,0,15,0,22,424616,1,4,1,0,1,0,1,0,0,1,3,0,1,0,0,3,4
719,1,14,0,25,930089,1,4,1,0,1,0,1,0,0,2,5,1,0,0,1,3,3
720,1,20,0,26,390640,0,2,2,0,0,0,1,1,0,1,0,0,1,1,2,2,4
721,1,16,0,8,120795,1,3,6,0,0,0,1,0,0,2,5,1,1,0,1,3,3
722,1,14,0,20,563943,1,4,2,1,1,1,1,0,0,5,1,1,0,1,0,3,6
723,1,21,0,11,966000,0,3,7,1,1,0,1,1,0,1,0,0,0,1,0,3,6
724,0,14,0,1,134595,1,4,1,1,0,1,1,1,0,4,4,0,1,0,2,2,4
725,0,21,0,13,300123,0,2,1,1,0,1,1,0,1,0,1,1,1,1,1,3,8
726,0,15,0,13,941361,1,2,1,0,0,1,1,0,0,3,5,0,0,0,2,3,3
727,1,14,0,1,763610,0,1,4,0,0,0,1,0,0,1,0,0,1,0,1,2,3
728,0,14,0,3,779065,1,1,3,1,1,1,1,0,1,2,1,1,0,1,0,3,7
729,0,21,0,28,571211,1,1,1,1,0,0,1,1,0,2,4,0,0,1,2,2,4
730,1,19,0,20,144755,0,3,6,1,0,0,1,0,0,0,3,1,0,0,2,3,4
731,0,14,0,9,186539,1,3,4,1,0,1,1,0,0,5,0,0,1,0,0,2,6
732,1,16,0,15,744172,1,3,1,0,1,0,1,1,1,3,5,1,1,1,0,2,7
733,0,14,0,15,748791,1,3,5,1,0,1,1,0,0,3,2,1,0,1,2,3,6
734,0,19,0,30,490340,1,1,2,0,1,1,1,0,0,2,4,0,0,1,2,3,4
735,1,18,0,18,534428,1,1,2,0,0,0,1,1,0,3,5,0,0,1,1,3,2
736,0,19,0,18,193303,1,4,5,0,1,0,1,1,0,5,5,1,0,0,0,2,4
737,1,20,0,27,177043,1,2,3,1,1,0,1,1,0,4,0,0,0,0,1,2,4
738,1,17,0,28,671956,0,2,5,0,1,1,1,1,1,3,0,0,1,1,0,3,8
739,0,17,0,16,855127,0,4,3,1,0,0,1,1,0,1,2,1,1,1,0,3,5
740,0,18,0,16,303946,1,4,6,1,0,0,1,0,0,0,0,0,1,0,2,3,4
741,1,17,0,25,468667,0,3,4,1,1,0,1,1,0,4,4,1,0,1,2,3,5
742,1,15,0,31,881111,0,4,3,1,1,0,1,1,0,3,1,0,1,1,1,2,4
743,1,14,0,1,365044,1,2,3,0,0,0,1,0,0,5,2,0,0,1,0,3,3
744,0,14,0,24,771994,1,4,1,0,1,1,1,1,0,2,1,0,1,0,0,3,5
745,1,20,0,21,860150,0,1,5,1,0,1,1,0,0,2,4,0,0,1,2,2,5
746,0,21,0,29,317511,1,3,7,1,0,1,1,0,0,3,2,1,0,0,1,3,4
747,1,16,0,21,618952,0,2,2,1,1,0,1,0,0,1,0,1,0,0,2,2,5
748,1,15,0,3,733561,0,1,4,0,1,0,1,0,0,3,0,1,1,0,2,3,5
749,0,20,0,33,800662,0,4,3,1,0,0,1,1,0,2,3,1,1,0,1,3,3
750,0,16,0,28,323171,0,1,5,0,0,1,1,1,1,1,2,1,1,1,0,3,7
751,0,20,0,31,751978,1,1,4,1,0,0,1,0,0,1,5,1,1,1,2,2,5
752,1,15,0,7,171186,1,1,2,1,0,0,1,0,0,5,0,0,1,0,2,3,4
753,1,18,0,30,976218,1,1,1,1,0,0,1,1,0,4,2,0,0,0,2,3,3
754,0,20,0,31,158805,1,2,3,1,0,0,1,1,0,1,4,1,1,1,0,3,6
755,0,18,0,31,381265,0,4,3,0,0,0,1,0,0,5,3,0,0,1,2,3,1
756,1,18,0,22,115206,0,4,5,0,1,1,1,0,0,1,2,0,1,0,0,2,5
757,1,20,0,17,582715,0,1,4,0,0,1,1,1,0,2,1,1,1,0,1,2,4
758,1,15,0,32,476759,1,1,2,1,1,0,1,0,0,1,3,0,1,0,2,3,4
759,0,19,0,8,936209,1,4,2,1,1,1,1,0,0,2,4,1,0,0,1,3,4
760,0,15,0,19,778348,1,1,1,1,0,0,1,1,0,1,2,0,0,1,2,3,4
761,0,16,0,24,412319,1,3,1,1,1,0,1,1,0,4,2,0,0,0,2,3,4
762,0,17,0,22,719272,1,4,4,1,1,1,1,0,1,0,3,1,1,1,1,2,7
763,1,17,0,21,173151,0,3,2,1,1,0,1,0,0,2,0,0,1,0,1,3,5
764,1,17,0,7,727746,0,4,2,1,0,0,1,1,0,3,1,0,1,0,2,2,2
765,0,21,0,1,874119,1,3,2,1,1,0,1,0,0,4,2,0,0,1,0,2,5
766,0,19,0,14,317501,1,1,2,1,0,1,1,0,0,2,0,1,1,0,2,3,6
767,1,16,0,14,200748,1,3,6,0,0,1,1,0,0,4,2,1,0,0,2,3,3
768,0,18,0,1,192481,0,4,2,1,0,0,1,0,0,3,3,1,0,1,0,3,4
769,0,14,0,5,765249,0,4,2,0,0,1,1,1,0,5,3,0,0,0,1,2,1
770,0,21,0,18,796826,0,2,4,1,1,1,1,1,1,5,2,1,1,1,2,2,7
771,1,21,0,10,495829,0,3,7,0,1,0,1,0,0,5,1,1,0,1,2,3,4
772,1,18,0,29,515366,0,2,7,1,1,0,1,1,0,4,0,1,1,1,2,3,7
773,1,18,0,18,442910,0,2,5,1,1,1,1,0,1,4,4,0,0,0,0,3,6
774,1,21,0,28,262838,1,2,1,1,1,1,1,1,1,5,2,1,0,1,0,2,8
775,0,14,0,19,126601,1,1,7,1,1,1,1,0,0,5,0,0,0,0,2,2,5
776,1,14,0,30,696045,0,2,5,1,1,1,1,0,1,1,2,0,1,1,1,2,7
777,0,17,0,9,909677,1,2,7,0,0,1,1,1,0,4,0,1,0,0,0,3,5
778,1,20,0,16,805813,0,3,4,1,0,0,1,0,0,0,5,1,0,1,1,2,5
779,1,20,0,7,164753,0,2,4,1,1,0,1,1,1,4,3,1,1,1,1,2,6
780,1,21,0,9,494193,0,1,5,1,0,0,1,1,0,1,3,1,0,0,0,2,5
781,0,19,0,27,214253,1,4,5,1,1,1,1,0,1,0,5,1,1,1,0,2,9
782,0,18,0,33,230365,0,3,7,1,0,1,1,0,0,3,3,1,0,1,2,3,5
783,0,21,0,28,727260,0,3,3,1,0,1,1,1,0,5,3,1,0,1,2,3,5
784,0,17,0,31,999941,0,1,3,0,1,1,1,0,0,5,0,0,1,0,0,3,6
785,1,19,0,22,931800,0,1,3,0,0,1,1,0,0,2,4,1,1,0,0,3,5
786,1,18,0,32,635936,1,2,1,1,1,0,1,0,1,0,1,0,1,1,1,3,7
787,1,16,0,2,575638,1,3,2,1,1,1,1,1,1,2,2,1,1,0,1,3,6
788,1,14,0,25,378175,0,1,4,1,1,1,1,1,0,2,1,1,0,1,2,2,6
789,0,21,0,25,433292,1,4,7,0,1,0,1,1,0,3,3,0,0,1,0,3,3
790,0,16,0,4,409325,1,4,5,1,1,1,1,1,0,3,3,0,1,0,2,3,5
791,1,19,0,6,492959,0,1,7,0,1,0,1,1,0,5,3,1,1,1,2,2,5
792,1,18,0,21,431688,0,2,7,1,0,0,1,0,0,0,3,1,1,0,0,3,6
793,0,17,0,14,959758,0,2,4,0,1,0,1,0,0,3,1,0,1,0,2,2,3
794,1,19,0,23,920530,0,1,5,1,0,1,1,1,0,5,1,0,0,1,1,2,5
795,1,17,0,1,756995,1,3,3,1,0,1,1,0,0,3,5,1,0,0,1,2,4
796,0,14,0,31,260988,0,2,5,0,1,1,1,1,1,1,2,1,1,0,0,3,7
797,0,15,0,19,295936,0,3,5,1,0,0,1,0,0,2,4,0,1,1,2,2,5
798,1,16,0,27,415414,1,3,6,0,1,1,1,0,0,4,5,1,0,0,1,3,4
799,0,18,0,16,820422,0,4,6,1,0,0,1,1,0,2,1,0,1,1,0,2,4
800,0,16,0,12,625832,0,2,5,0,1,0,1,1,0,2,3,0,0,0,2,2,3
801,0,15,0,2,310936,0,1,6,1,1,1,1,1,0,3,3,0,0,0,2,3,4
802,0,15,0,4,828752,0,1,3,0,1,0,1,0,0,3,4,0,0,1,1,2,3
803,1,15,0,17,684880,1,3,6,0,0,1,1,1,0,1,1,1,0,1,1,3,4
804,1,17,0,3,635243,1,1,1,0,0,0,1,1,0,4,2,1,0,1,2,2,4
805,0,14,0,17,245497,0,4,3,0,0,0,1,0,0,1,1,0,1,1,0,3,3
806,1,20,0,25,721237,0,2,3,1,0,0,1,0,0,5,0,1,1,0,2,2,5
807,1,18,0,3,414864,0,3,3,1,1,0,1,1,1,1,0,1,1,1,1,3,7
808,1,16,0,10,664482,1,1,1,1,1,1,1,0,1,3,4,1,0,0,0,2,7
809,0,16,0,2,820748,0,1,3,0,1,1,1,1,0,0,5,0,0,0,1,3,4
810,1,21,0,13,829627,1,1,1,1,0,0,1,0,0,3,3,1,1,0,2,3,5
811,1,20,0,18,335540,0,1,7,1,0,1,1,0,0,3,3,1,0,1,2,3,5
812,0,16,0,1,363571,0,1,3,0,1,1,1,1,0,5,5,0,1,1,1,2,5
813,1,19,0,21,244210,1,4,7,0,1,0,1,1,0,0,2,0,0,0,2,2,2
814,0,20,0,12,699242,1,2,7,1,0,0,1,0,0,2,5,1,0,1,0,3,5
815,0,18,0,25,139982,0,3,7,1,1,0,1,0,0,0,5,0,1,1,2,3,6
816,1,20,0,25,504810,0,4,2,1,0,0,1,0,0,5,0,0,1,1,1,2,4
817,1,18,0,17,661929,1,3,1,0,0,0,1,1,0,3,4,0,0,0,2,3,2
818,1,16,0,13,431395,0,4,3,1,1,0,1,0,0,4,1,1,1,1,1,3,5
819,1,18,0,4,840545,1,2,5,0,0,0,1,0,0,2,5,1,1,0,1,3,4
820,1,16,0,2,438391,1,4,7,0,0,0,1,0,0,1,5,0,1,1,1,3,2
821,1,18,0,24,884213,0,1,1,0,1,0,1,1,0,1,3,0,1,0,0,3,5
822,1,18,0,2,280584,0,1,4,1,1,1,1,1,1,3,0,1,0,1,0,2,8
823,0,14,0,27,791601,1,3,5,1,1,0,1,1,1,4,3,1,0,1,1,3,6
824,0,19,0,30,196955,1,3,2,0,0,0,1,1,0,2,4,0,1,0,1,3,2
825,0,17,0,14,741133,1,4,4,1,0,0,1,1,0,3,3,0,1,1,0,2,4
826,0,18,0,25,677435,0,3,2,0,1,0,1,1,0,4,2,1,1,1,2,2,5
827,1,17,0,20,997876,0,3,6,0,0,1,1,1,0,4,4,0,1,1,2,3,4
828,1,16,0,16,256048,1,1,2,0,1,1,1,1,1,3,3,1,1,1,0,2,7
829,1,21,0,15,202581,0,2,2,0,1,1,1,1,0,4,2,0,1,1,2,2,5
830,0,18,0,16,900076,0,4,2,0,1,0,1,0,0,1,1,1,1,0,1,3,3
831,1,19,0,13,492903,0,4,7,1,1,1,1,1,0,5,3,1,1,1,2,3,6
832,1,18,0,1,395825,0,3,6,0,0,0,1,0,0,4,4,1,0,0,1,2,2
833,1,20,0,25,648540,0,2,7,0,0,0,1,1,0,2,4,0,0,0,2,3,1
834,0,19,0,19,957771,1,2,1,0,0,0,1,0,0,0,3,0,0,1,0,3,5
835,1,19,0,18,392446,1,4,5,0,1,0,1,0,0,2,1,0,1,0,0,2,4
836,1,20,0,5,908813,0,3,6,0,1,1,1,0,0,1,5,1,0,0,0,3,5
837,0,18,0,20,620542,0,1,6,0,0,0,1,0,0,3,2,0,1,1,0,3,4
838,1,14,0,32,730683,0,1,7,0,1,1,1,1,0,1,4,0,1,1,1,2,5
839,1,14,0,15,409159,0,2,6,1,1,0,1,1,0,3,0,0,0,1,0,2,6
840,0,15,0,15,114708,0,2,6,1,1,0,1,1,0,5,4,0,1,0,2,3,4
841,1,14,0,25,469495,0,2,1,0,0,0,1,1,0,2,4,0,0,1,0,3,4
842,1,17,0,12,361874,0,1,2,1,0,1,1,0,0,1,3,0,1,1,1,2,5
843,0,20,0,13,157292,0,4,1,0,0,1,1,1,0,1,5,1,0,1,0,3,5
844,1,17,0,33,887082,0,3,3,1,1,0,1,1,0,2,3,0,0,0,0,2,4
845,1,15,0,17,649240,1,4,4,1,1,0,1,0,0,3,3,1,0,1,1,2,4
846,0,15,0,16,766604,0,3,4,0,1,0,1,1,0,2,4,0,0,0,0,2,3
847,0,20,0,3,146539,1,2,5,1,1,1,1,0,1,1,2,0,0,0,1,3,5
848,1,19,0,29,335268,0,1,1,0,0,0,1,0,0,5,2,0,1,1,1,2,4
849,1,17,0,20,989432,1,1,2,0,0,1,1,0,0,4,0,0,1,0,0,2,5
850,1,20,0,24,687326,1,4,3,1,1,0,1,1,0,2,5,0,0,0,0,2,3
851,1,16,0,14,628929,0,2,1,1,0,1,1,0,1,0,0,1,0,1,0,2,9
852,0,21,0,16,917485,0,1,6,1,0,0,1,0,0,3,4,0,0,1,2,3,3
853,0,18,0,8,448850,1,4,4,0,1,1,1,0,0,5,1,0,0,1,2,3,3
854,0,16,0,2,313948,1,3,2,0,0,1,1,0,0,4,5,1,0,1,1,2,4
855,1,14,0,23,866254,0,1,3,1,1,1,1,0,0,4,5,1,0,0,2,2,5
856,1,14,0,5,977414,1,4,7,1,0,1,1,0,0,2,4,0,0,1,1,3,3
857,0,18,0,14,378887,1,2,5,0,1,0,1,0,0,5,2,0,1,0,1,2,4
858,0,19,0,33,441166,0,3,7,0,1,1,1,0,0,1,3,0,1,1,1,2,5
859,1,18,0,23,705877,0,3,3,0,1,0,1,0,0,1,1,0,1,0,0,2,4
860,0,16,0,15,218153,1,4,3,0,1,0,1,1,0,4,4,1,0,0,1,3,2
861,0,15,0,9,772304,0,3,6,1,1,1,1,1,0,2,0,0,1,0,2,2,6
862,0,19,0,30,670280,1,4,6,1,1,0,1,0,0,1,1,0,0,1,2,2,3
863,0,15,0,23,589730,1,4,7,0,0,0,1,0,0,5,5,1,1,0,1,3,2
864,0,16,0,8,288046,1,2,6,0,0,0,1,1,0,5,5,1,0,1,2,2,3
865,0,21,0,28,778733,0,3,7,1,1,1,1,0,0,1,5,0,1,1,2,2,6
866,0,14,0,31,504047,0,4,3,1,0,0,1,0,0,0,4,1,0,1,1,3,4
867,1,18,0,21,386061,0,2,6,0,1,0,1,1,0,3,0,0,0,0,2,2,3
868,0,19,0,21,452380,0,4,7,0,0,1,1,1,0,0,4,1,0,0,0,2,4
869,1,15,0,24,824854,1,1,6,0,1,1,1,0,0,0,2,1,0,0,0,3,6
870,0,17,0,9,440927,0,3,7,1,0,0,1,0,0,3,3,0,1,0,1,2,3
871,0,15,0,24,170493,0,4,3,1,0,1,1,0,0,1,0,1,0,1,2,2,5
872,0,18,0,32,596624,0,4,2,0,0,1,1,0,0,1,4,1,0,1,2,2,3
873,0,15,0,4,205793,1,1,1,1,1,1,1,1,1,3,5,1,1,1,2,2,8
874,0,14,0,12,571793,0,4,7,1,0,0,1,1,0,2,5,0,1,1,2,3,3
875,0,17,0,21,181005,1,4,1,0,0,1,1,0,0,1,1,1,1,0,1,2,4
876,1,17,0,5,995285,1,3,6,0,0,1,1,0,0,5,5,1,1,1,2,2,5
877,1,18,0,2,792978,1,3,7,1,0,1,1,0,0,3,0,0,1,1,1,2,6
878,0,18,0,10,828873,0,1,4,1,1,1,1,0,1,5,4,1,1,1,2,2,7
879,0,20,0,30,408481,0,2,5,1,0,1,1,0,0,3,4,0,1,1,2,2,6
880,1,21,0,9,607672,1,1,1,1,0,1,1,0,1,2,1,0,1,1,1,2,6
881,0,21,0,31,532281,1,1,1,1,0,1,1,0,1,1,0,1,1,0,0,2,8
882,1,16,0,13,377826,1,3,7,0,0,0,1,1,0,3,0,0,1,1,1,3,4
883,0,14,0,6,215841,0,2,5,0,0,1,1,1,0,0,4,0,1,0,1,3,5
884,1,20,0,10,461373,1,1,3,1,1,1,1,1,0,3,0,0,0,1,2,2,6
885,0,14,0,2,796072,1,3,7,0,0,0,1,1,0,2,2,1,0,0,1,3,2
886,1,19,0,28,346142,1,3,6,0,0,0,1,0,0,5,5,0,0,1,0,3,3
887,0,17,0,13,338011,0,3,2,0,1,0,1,1,0,0,3,1,0,1,1,2,5
888,0,18,0,14,844820,1,3,4,0,1,1,1,1,1,4,5,1,1,0,0,3,6
889,1,14,0,29,292560,0,2,2,0,1,1,1,0,0,0,4,1,0,1,1,3,6
890,0,20,0,12,366601,1,2,1,1,0,1,1,1,0,1,3,0,0,0,1,2,4
891,1,14,0,26,268610,0,2,1,0,1,0,1,0,0,5,5,1,0,0,2,2,4
892,0,21,0,30,996472,1,4,7,1,0,1,1,0,0,0,0,1,0,0,2,2,5
893,0,19,0,21,681080,0,2,6,1,0,0,1,1,0,3,2,0,1,0,2,3,3
894,0,18,0,22,394601,1,2,5,1,0,1,1,1,0,3,5,1,0,0,2,2,5
895,1,14,0,12,720669,1,4,5,0,0,0,1,1,0,4,5,1,1,1,1,2,4
896,0,14,0,21,194285,1,3,6,0,1,1,1,0,0,4,0,0,0,0,0,3,5
897,0,21,0,4,848460,0,1,3,0,0,0,1,1,0,1,3,0,1,0,0,3,3
898,1,18,0,26,265965,0,2,1,0,1,0,1,0,0,5,0,0,0,1,0,2,6
899,1,15,0,31,446773,1,1,5,1,1,0,1,0,0,4,5,0,0,1,2,2,5
900,0,14,0,31,504186,0,2,6,1,1,1,1,1,1,2,5,1,0,1,0,2,7
901,1,17,0,20,857977,0,4,3,0,0,1,1,0,0,2,1,0,1,1,0,3,4
902,0,17,0,15,719633,0,3,3,0,0,0,1,1,0,0,2,1,1,1,1,2,5
903,1,16,0,28,996581,1,4,7,0,1,1,1,1,0,3,4,0,1,1,2,2,4
904,0,17,0,14,829055,0,3,7,0,1,1,1,1,0,1,4,0,1,0,2,2,4
905,1,20,0,22,444410,0,4,2,1,1,1,1,0,0,0,4,0,0,1,0,2,6
906,0,14,0,10,450811,1,4,5,1,1,0,1,1,0,4,5,1,0,0,1,2,4
907,1,19,0,14,643280,0,4,4,0,1,0,1,1,0,1,1,1,1,1,1,2,4
908,0,14,0,25,865899,1,3,2,1,1,1,1,0,1,3,4,0,1,0,0,2,6
909,0,16,0,7,151804,0,4,2,0,1,0,1,1,0,0,2,1,0,1,1,3,4
910,1,16,0,2,406851,0,1,3,0,1,1,1,0,0,3,5,0,1,1,1,2,5
911,0,18,0,16,391995,0,2,1,0,1,1,1,0,1,3,0,1,1,0,2,3,7
912,0,14,0,11,795017,1,1,5,1,0,1,1,0,1,3,2,0,1,0,1,2,5
913,1,14,0,3,683621,0,2,4,1,1,0,1,0,0,0,0,1,0,0,1,2,6
914,0,18,0,14,545926,0,1,1,1,1,0,1,1,0,0,0,0,0,1,0,2,8
915,0,15,0,21,692359,0,4,2,1,0,0,1,0,0,3,3,0,1,0,2,3,2
916,1,21,0,21,880009,0,3,6,1,0,1,1,1,0,4,2,0,1,0,1,2,4
917,0,16,0,17,202496,1,4,1,0,1,0,1,0,0,0,3,1,1,0,2,3,5
918,1,15,0,11,758627,1,1,7,1,0,0,1,1,0,0,0,1,0,0,2,2,5
919,1,19,0,5,769970,0,2,4,0,0,0,1,1,0,2,1,1,1,1,0,3,5
920,1,15,0,9,873617,0,2,2,0,1,0,1,1,0,4,3,0,1,1,1,2,4
921,0,20,0,1,401042,0,2,4,1,0,1,1,1,0,3,3,1,0,1,1,3,5
922,1,17,0,18,604849,0,1,5,1,1,0,1,1,0,4,4,0,1,1,2,3,6
923,1,20,0,22,700699,0,4,3,1,1,0,1,0,0,0,3,0,0,1,0,3,5
924,1,17,0,19,646097,0,4,7,0,1,1,1,0,0,2,4,0,1,0,1,2,3
925,0,20,0,28,388199,1,1,4,1,1,0,1,1,0,1,0,0,0,1,0,3,6
926,0,16,0,22,387258,1,4,5,1,1,1,1,0,0,0,0,0,1,1,2,3,8
927,0,14,0,17,144308,1,2,5,1,0,0,1,1,0,3,1,0,1,0,1,2,4
928,1,14,0,30,113403,1,1,5,1,1,1,1,0,1,5,4,1,0,0,1,2,6
929,0,16,0,14,130969,0,2,5,1,0,1,1,0,0,0,3,1,0,0,2,3,6
930,0,20,0,22,646000,0,3,2,1,0,1,1,1,0,0,4,1,0,1,1,2,6
931,0,20,0,29,363062,1,4,3,1,1,0,1,0,0,5,5,0,0,1,1,3,3
932,0,19,0,28,786391,1,3,6,1,1,1,1,1,1,0,0,1,1,0,0,3,9
933,1,14,0,19,358889,0,2,3,1,1,1,1,0,0,2,0,0,0,1,1,2,6
934,1,20,0,12,639358,1,1,7,1,1,0,1,0,0,5,0,1,0,1,2,2,6
935,1,20,0,12,665774,0,1,6,0,0,1,1,0,0,0,3,1,0,1,1,3,5
936,1,18,0,31,867280,1,3,1,0,0,1,1,1,0,4,0,0,0,0,1,3,4
937,1,16,0,18,589480,0,4,2,0,1,1,1,1,0,2,0,0,1,1,2,2,5
938,0,16,0,9,771745,0,2,6,0,1,1,1,0,0,0,1,1,0,1,1,2,6
939,1,20,0,13,738021,0,4,4,1,1,0,1,0,0,5,5,1,1,1,0,2,6
940,0,19,0,15,563552,1,2,6,1,0,0,1,1,0,2,3,1,1,0,1,3,4
941,0,14,0,8,822651,0,1,4,1,0,0,1,0,0,2,3,0,0,0,2,2,2
942,1,14,0,32,577145,1,4,3,0,1,0,1,1,0,5,1,0,0,1,1,3,2
943,0,16,0,10,889608,1,1,3,0,0,0,1,0,0,4,3,1,1,0,2,3,3
944,1,18,0,31,838916,0,2,6,0,1,0,1,0,0,5,1,0,0,1,1,2,3
945,0,15,0,9,147369,0,4,1,1,1,0,1,1,0,5,0,1,0,1,1,3,6
946,0,14,0,31,762788,0,4,5,1,0,0,1,0,0,1,5,0,1,1,0,2,5
947,0,17,0,16,626183,0,2,1,1,0,1,1,0,1,4,3,1,0,1,1,3,6
948,0,15,0,7,953808,1,1,7,0,1,1,1,0,1,0,2,1,1,1,1,2,7
949,1,19,0,25,560304,0,4,3,0,0,0,1,0,0,4,0,0,0,0,1,2,1
950,1,14,0,21,964575,1,1,3,1,0,0,1,1,0,2,4,0,0,0,1,2,2
951,1,14,0,29,133382,1,1,1,1,1,1,1,1,1,5,1,1,1,1,1,2,8
952,1,19,0,9,530692,1,1,3,0,0,0,1,1,0,4,4,0,1,1,0,3,4
953,1,16,0,29,935946,1,4,4,1,0,0,1,0,0,4,1,1,0,0,1,3,2
954,1,16,0,14,929123,0,2,3,1,1,1,1,1,0,5,0,0,0,0,0,3,6
955,1,17,0,2,359924,1,2,5,0,0,1,1,1,0,0,0,0,1,1,0,2,8
956,1,15,0,31,290022,1,2,5,0,1,1,1,1,1,1,4,1,1,0,1,3,6
957,1,16,0,5,310747,1,1,4,1,1,0,1,0,0,0,5,0,0,1,0,2,6
958,1,17,0,25,483988,1,2,2,1,1,0,1,1,1,4,1,1,1,1,1,3,6
959,1,16,0,16,289759,0,2,1,1,0,0,1,0,1,3,1,1,1,0,1,3,5
960,0,19,0,3,485538,1,2,4,1,1,1,1,1,1,3,1,1,1,0,2,2,6
961,1,21,0,29,561404,0,1,1,0,0,1,1,1,1,3,4,1,1,0,1,2,5
962,1,15,0,2,887694,1,3,7,0,1,1,1,0,0,1,4,0,0,1,1,2,4
963,1,15,0,22,258105,0,4,3,1,1,1,1,0,0,0,2,0,0,0,2,3,4
964,0,19,0,15,533718,0,2,5,0,0,1,1,0,0,2,1,0,0,1,2,2,4
965,0,20,0,27,391596,1,1,4,1,0,0,1,1,0,4,5,0,1,1,1,3,4
966,1,21,0,25,520083,1,4,7,0,1,0,1,1,0,1,0,1,1,1,1,2,5
967,0,16,0,22,458759,0,1,5,0,0,0,1,0,0,1,1,0,0,1,2,3,3
968,0,14,0,23,270570,0,4,7,1,1,1,1,1,0,2,4,1,1,1,2,2,6
969,0,18,0,32,847879,0,4,2,0,0,1,1,0,0,5,3,0,0,1,2,3,2
970,1,17,0,32,270222,0,1,5,0,1,1,1,0,1,4,0,0,1,1,1,2,7
971,0,14,0,16,777032,0,2,6,1,1,1,1,1,1,3,4,1,1,0,0,3,7
972,1,20,0,26,679542,0,3,6,1,0,0,1,1,0,3,3,0,0,1,0,3,4
973,1,16,0,32,475263,1,2,6,1,1,1,1,0,1,1,0,1,1,0,1,2,7
974,1,17,0,26,403586,0,1,1,1,0,1,1,1,1,5,5,1,0,1,1,2,6
975,1,19,0,5,430773,0,2,4,1,0,1,1,1,0,2,5,0,0,1,0,2,5
976,0,19,0,18,706023,0,2,1,1,0,0,1,1,0,0,2,0,1,1,0,3,7
977,1,20,0,19,362684,0,2,3,1,0,1,1,1,1,4,3,1,1,1,0,2,7
978,1,18,0,8,253578,0,4,3,0,0,1,1,0,0,3,0,1,0,1,2,3,4
979,1,16,0,21,944446,1,2,3,1,1,1,1,1,0,0,0,1,0,1,2,3,8
980,0,15,0,7,240073,1,4,7,1,0,1,1,1,0,2,1,0,1,0,1,3,3
981,1,20,0,32,385053,0,2,2,1,1,1,1,1,1,4,0,0,1,0,0,2,7
982,0,17,0,13,784746,1,2,7,1,1,1,1,0,1,4,1,1,1,0,1,2,6
983,1,21,0,12,829352,0,4,4,1,1,1,1,0,0,1,1,1,0,1,2,3,5
984,0,19,0,23,398473,1,3,1,1,1,1,1,0,1,2,0,1,1,0,0,3,9
985,0,15,0,21,810528,1,3,1,1,0,1,1,0,1,3,4,1,1,1,2,2,7
986,0,17,0,12,582825,0,1,1,0,1,1,1,0,1,0,4,1,0,0,1,2,6
987,0,14,0,10,774478,0,1,1,1,1,1,1,1,1,1,3,1,0,0,1,2,6
988,1,18,0,30,425566,0,1,4,1,0,0,1,0,0,0,3,1,1,0,2,3,5
989,0,19,0,2,998080,1,1,2,0,1,0,1,0,0,4,4,1,1,1,1,3,5
990,1,17,0,18,140131,1,4,1,1,0,1,1,0,1,3,2,1,1,0,1,3,5
991,0,19,0,3,389465,0,3,3,0,0,1,1,0,0,5,0,0,1,0,2,2,4
992,0,21,0,23,970744,1,3,5,1,1,0,1,1,1,4,0,0,1,0,1,3,6
993,0,19,0,8,716841,1,3,5,0,0,1,1,0,1,4,1,1,1,1,1,2,6
994,1,16,0,13,312637,0,3,7,0,0,1,1,0,0,0,1,1,1,1,1,2,6
995,1,18,0,2,250360,0,4,6,1,0,0,1,1,0,0,5,1,0,0,2,2,3
996,1,14,0,5,633209,1,1,3,0,0,0,1,1,0,0,5,0,1,0,1,3,3
997,1,19,0,30,119603,0,1,3,0,1,0,1,1,0,0,3,0,0,0,0,2,4
998,1,14,0,29,749530,1,4,7,0,1,1,1,0,0,3,2,1,0,0,2,3,3
999,0,17,0,4,846927,1,2,3,0,0,0,1,1,0,0,3,1,1,1,2,3,5
