Location,Social Category,PrimaryGirls,PrimaryBoys,PrimaryOverall,UpperGirls,UpperBoys,UpperOverall,SecondGirls,SecondBoys,SecondOverall
AHMEDABAD,General,0,0,0,0,0,0,8.02,12.34,10.54
AHMEDABAD,OBC,0.64,1.1,0.89,9.37,4.14,6.46,18.43,23.13,21.4
AHMEDABAD,SC,0,0,0,0,4.13,1.26,0,10.65,6.08
AHMEDABAD,ST,5.92,5.72,5.81,9.68,13.69,12.07,24.31,10.94,16.57
AMRELI,General,0.87,0,0,0,0,0,1.56,11.8,6.97
AMRELI,OBC,0.81,0,0,13.11,2.18,7.35,17.13,7.65,11.37
AMRELI,SC,3.96,2.4,3.16,4,0,1.54,0,0,0
AMRELI,ST,42.31,23.94,31.61,44.14,36.46,39.88,73.15,73.09,73.11
ANAND,General,4.68,3.42,3.99,10.89,11.32,11.13,18.8,14.6,16.4
ANAND,OBC,0.19,0,0,12.11,2.18,6.61,25.3,15.99,19.49
ANAND,SC,5.39,5.81,5.62,10.31,6.41,8.18,11.14,12.61,11.95
ANAND,ST,17.72,23.43,21.03,10.18,17.77,14.92,12.93,0,0
BANAS KANTHA,General,2.38,1.12,1.71,13.14,3.58,7.86,22.38,22.13,22.22
BANAS KANTHA,OBC,2.69,1.64,2.12,15.67,6.21,10.13,22.75,18.67,19.86
BANAS KANTHA,SC,1.94,1.53,1.72,14.45,7.28,10.51,23.15,17.31,19.45
BANAS KANTHA,ST,8.59,6.8,7.62,12.79,13,12.91,21.65,25.5,23.91
BHARUCH,General,3.95,4.87,4.45,8.45,4.86,6.54,17.42,20.72,19.25
BHARUCH,OBC,0,0,0,4.31,0,0.48,15.48,15.93,15.73
BHARUCH,SC,6.48,1.23,3.72,6.78,0,2.09,10.45,21.55,16.49
BHARUCH,ST,1.45,0.12,0.78,14.63,9.26,11.84,26.56,27.29,26.98
BHAVNAGAR,General,6.69,2.84,4.56,4.03,0.64,2.13,0,0,0
BHAVNAGAR,OBC,4.39,1.2,2.72,16.45,6.33,10.97,24.09,15.92,19
BHAVNAGAR,SC,5.89,4.05,4.92,9.16,3.89,6.32,13.54,10.43,11.82
BHAVNAGAR,ST,34.51,0,16.38,50,0,24.04,0,0,0
DOHAD,General,6.9,0,1.92,0,0,0,0,0,0
DOHAD,OBC,0,0,0,6.33,3.25,4.75,20.59,16,18.22
DOHAD,SC,14.97,15.07,15.02,18.52,13.55,16.07,40.99,22.84,32.78
DOHAD,ST,9.29,6.81,8,11.35,9.36,10.31,8.07,12.67,10.58
GANDHINAGAR,General,0,0,0,0.78,0,0,0,0,0
GANDHINAGAR,OBC,3.21,0.57,1.8,12.3,0,5.41,16.26,6,9.7
GANDHINAGAR,SC,0,0,0,2.79,0,0,6.59,4.08,5.21
GANDHINAGAR,ST,0,0,0,0,0,0,0.18,0,0
JAMNAGAR,General,1.62,0,0,5,0,0,17.33,13.56,15.29
JAMNAGAR,OBC,0,0,0,10.48,0.29,5.05,21.38,27.84,25.45
JAMNAGAR,SC,13.82,9.21,11.51,18.24,8.11,13.03,37.11,32.11,34.37
JAMNAGAR,ST,27.28,22.76,24.49,28.6,39.4,35.54,8.11,0.59,3.57
JUNAGADH,General,2.1,1.98,2.03,2.48,0,0.42,12.47,16.29,14.71
JUNAGADH,OBC,0.84,0.55,0.68,7.49,0.87,4.01,15.27,15.59,15.46
JUNAGADH,SC,4.22,1.75,2.95,4.53,1.13,2.78,13.91,16.23,15.17
JUNAGADH,ST,11.11,4.27,7.41,10.76,3.39,6.72,3.25,0,0
KACHCHH,General,1.89,0,0.49,10.17,4.72,7.17,15.21,26.81,22.19
KACHCHH,OBC,1.46,1.58,1.52,19.68,9.82,14.04,36.95,19.95,26.41
KACHCHH,SC,1.1,2.22,1.68,17.25,7.53,11.9,24.95,14.76,18.46
KACHCHH,ST,5.3,5.58,5.47,22.91,12.5,16.47,42.43,58.63,53.5
KHEDA,General,9.04,7.88,8.41,11.67,4.6,7.75,6.37,2.6,4.09
KHEDA,OBC,0,0,0,9.39,1.99,5.36,21.46,16.28,18.15
KHEDA,SC,0,0,0,3.15,3.31,3.24,4.19,12.73,9.2
KHEDA,ST,12.28,5.24,8.29,19.54,8.3,12.93,0,7.82,1.6
MAHESANA,General,2.67,0,0,2.26,0,0,11.8,18.93,16.07
MAHESANA,OBC,0,0,0,8.12,0.22,3.62,16.19,14.49,15.1
MAHESANA,SC,1.64,1.1,1.35,6.62,0,2.64,0.58,11.63,7.04
MAHESANA,ST,37.25,41.51,39.57,55.74,45.5,50.28,44.7,42.77,43.52
NARMADA,General,0,0,0,0,0,0,12.44,6.98,9.25
NARMADA,OBC,0,0,0,0,0,0,7.02,27.5,19.18
NARMADA,SC,24.09,4.35,14.1,40.21,21.25,30.32,63.76,73.68,69.06
NARMADA,ST,2.5,3.01,2.76,12.69,11.15,11.91,22.62,20.91,21.72
NAVSARI,General,6.05,5.22,5.6,14,11.78,12.79,8.84,11.32,10.19
NAVSARI,OBC,1.45,0.95,1.18,0,0,0,0.51,6.11,3.55
NAVSARI,SC,12.48,12.95,12.73,14.92,10.85,12.7,8.35,28.43,18.74
NAVSARI,ST,0,0,0,1.88,0,0.42,21.53,24.15,22.89
PANCH MAHALS,General,9.52,12.77,11.29,11.04,8.13,9.47,14.64,20.41,17.92
PANCH MAHALS,OBC,0,0,0,6.23,1.86,3.92,19.68,16.48,17.84
PANCH MAHALS,SC,12.12,10.63,11.34,11.95,4.18,7.81,0,5.33,1.6
PANCH MAHALS,ST,5.06,5.15,5.11,11.92,10.45,11.16,16.8,16.61,16.7
PATAN,General,0,0,0,3.18,0,1.21,0,1.83,0
PATAN,OBC,0.64,0,0.15,9.38,2.39,5.39,10.63,22.85,19.15
PATAN,SC,3.77,2.96,3.34,8.72,4.56,6.44,3.14,13.43,9.21
PATAN,ST,29.38,24.04,26.41,32.06,35.42,34.1,19.35,37.88,31.49
PORBANDAR,General,5.23,1.42,3.16,9.47,0,2.51,15.84,27.56,22.88
PORBANDAR,OBC,0,0,0,8.84,2.97,5.8,17.6,20.57,19.26
PORBANDAR,SC,11.34,15.93,13.76,15.06,13.96,14.49,26.32,32.87,29.8
PORBANDAR,ST,16.42,38.83,30.34,38.1,33.26,35.27,70.9,77.17,74.62
RAJKOT,General,5.72,5.46,5.56,4.38,2.82,3.46,4.37,6.74,5.71
RAJKOT,OBC,0,0,0,10.03,0.91,5.01,12.81,16.61,15.18
RAJKOT,SC,1.17,1.75,1.47,6.95,3.91,5.33,17.81,21.45,19.83
RAJKOT,ST,11.31,10.85,11.03,18.86,20.72,20.04,39.78,16.38,26.2
SABAR KANTHA,General,1.35,0.82,1.05,0.22,0,0,7.65,12.68,10.61
SABAR KANTHA,OBC,1.36,0.98,1.16,8.32,3.65,5.79,17.81,14.65,15.93
SABAR KANTHA,SC,4.35,2.97,3.61,4.47,1.86,3.05,12.68,12.21,12.43
SABAR KANTHA,ST,5.29,5.85,5.58,8.15,5.39,6.74,9.83,12.83,11.44
SURAT,General,0,0,0,0,0,0,0,0,0
SURAT,OBC,0,0,0,1.83,0,0,0.46,2.94,1.9
SURAT,SC,6.7,8.91,7.89,7.53,6.34,6.86,4.49,8.47,6.71
SURAT,ST,4.52,5.67,5.12,8.81,7.47,8.12,11.76,19.8,16.07
SURENDRANAGAR,General,3.75,5.08,4.52,2.88,2,2.36,16.59,10.16,13.06
SURENDRANAGAR,OBC,2.16,1.54,1.83,17.37,7.06,11.61,31.52,17.1,22.15
SURENDRANAGAR,SC,1.71,3.13,2.46,10.81,7.13,8.86,23.14,22.65,22.85
SURENDRANAGAR,ST,14.1,2.84,7.68,51.49,21.73,34.61,51.54,28.08,38.35
TAPI,General,6.03,4.99,5.5,16.57,20.56,18.79,9.24,22.65,16.72
TAPI,OBC,12.87,12.24,12.54,14.97,4.44,9.48,3.89,1.56,2.63
TAPI,SC,0,0,0,23.89,10.65,17.8,0,0,0
TAPI,ST,0,0.84,0.28,7.31,7.06,7.18,5.31,5.16,5.23
THE DANGS,General,27.19,42.33,36.63,0,0,0,0,0,0
THE DANGS,OBC,41.82,42.05,41.94,43.98,28.92,36.45,22.54,26.25,24.5
THE DANGS,SC,20.99,33.33,27.87,25,27.27,26.03,11.11,0,6.24
THE DANGS,ST,5.75,5.46,5.6,12.43,14.52,13.48,21.65,18.18,19.95
VADODARA,General,1.07,0,0,4.44,0,1.37,16.61,20.69,18.96
VADODARA,OBC,0,0,0,5.33,0,1.46,12.75,21.25,17.97
VADODARA,SC,1.74,0,0,5.21,0,1.81,24.08,30.56,27.69
VADODARA,ST,5.45,4.16,4.78,11.14,7.77,9.33,14.91,22.19,19.12
VALSAD,General,0,0,0,2.34,0,0,0,0,0
VALSAD,OBC,3.89,3.89,3.88,2.58,4.74,3.74,0,0,0
VALSAD,SC,23.3,18.44,20.84,14.13,18.16,16.23,0,5.8,2.06
VALSAD,ST,3.73,4.03,3.88,7.36,6.7,7.01,0.65,2.16,1.44
AHMEDABAD,General,3.28,1.99,2.57,6.29,1.07,3.39,14.29,15.27,14.85
AHMEDABAD,OBC,5.88,1.81,3.74,15.22,3.05,8.53,29.08,26.58,27.54
AHMEDABAD,SC,2.39,0,0.84,3.21,0,0,26.39,20.96,23.42
AHMEDABAD,ST,7.44,5.39,6.34,17.73,19.08,18.52,39.66,41.65,40.87
AMRELI,General,10.67,7.83,9.07,2.99,6.86,5.12,6.16,14.57,10.66
AMRELI,OBC,1.81,2.53,2.19,13.14,6.46,9.55,23.61,25.77,24.94
AMRELI,SC,3.69,2.87,3.27,5.79,4.61,5.17,24.4,25.86,25.18
AMRELI,ST,0,0.51,0,19.82,8.46,12.92,34.37,10.45,20.43
ANAND,General,2.15,3.44,2.86,3.48,1.56,2.41,17.02,19.02,18.18
ANAND,OBC,0,0,0,10.33,5.77,7.77,26.54,27.84,27.37
ANAND,SC,0,0,0,0,0,0,14.06,12.82,13.37
ANAND,ST,3.77,0.84,2.15,0,0,0,11.45,19.98,16.93
ARAVALLI,General,0,0,0,0,0,0,0,0,0
ARAVALLI,OBC,0,0,0,0,0,0,0,0,0
ARAVALLI,SC,0,0,0,0,0,0,0,0,0
ARAVALLI,ST,0,0,0,0,0,0,0,0,0
BANAS KANTHA,General,2.33,2.27,2.31,13.91,6.35,9.69,22.41,20.51,21.22
BANAS KANTHA,OBC,1.57,0.82,1.17,15.32,6.6,10.26,25.17,21.78,22.8
BANAS KANTHA,SC,2.49,2.43,2.46,13.08,6.93,9.72,28.89,25.37,26.65
BANAS KANTHA,ST,3.62,3.26,3.43,10.01,11.15,10.65,23.6,27.38,25.76
BHARUCH,General,0.72,0,0.27,5.44,1.63,3.41,18.89,25.05,22.34
BHARUCH,OBC,4.36,4.83,4.61,10.67,7.29,8.83,25.15,36.57,31.75
BHARUCH,SC,0,0,0,0,0,0,8.07,30.84,20.82
BHARUCH,ST,1.53,1.48,1.51,13.91,10.52,12.15,30.64,37.93,34.83
BHAVNAGAR,General,15.1,15.12,15.11,20.76,15.49,17.8,38.05,37.8,37.9
BHAVNAGAR,OBC,18.3,18.44,18.37,27.68,22.39,24.79,36.87,40.19,38.99
BHAVNAGAR,SC,18.71,20.97,19.91,28.11,29.98,29.15,40.77,40.37,40.55
BHAVNAGAR,ST,29.18,34.62,32.5,22.22,23.03,22.74,47.45,44.7,45.82
BOTAD,General,0,0,0,0,0,0,0,0,0
BOTAD,OBC,0,0,0,0,0,0,0,0,0
BOTAD,SC,0,0,0,0,0,0,0,0,0
BOTAD,ST,0,0,0,0,0,0,0,0,0
CHHOTAUDEPUR,General,0,0,0,0,0,0,0,0,0
CHHOTAUDEPUR,OBC,0,0,0,0,0,0,0,0,0
CHHOTAUDEPUR,SC,0,0,0,0,0,0,0,0,0
CHHOTAUDEPUR,ST,0,0,0,0,0,0,0,0,0
DEVBHOOMI DWARKA,General,0,0,0,0,0,0,0,0,0
DEVBHOOMI DWARKA,OBC,0,0,0,0,0,0,0,0,0
DEVBHOOMI DWARKA,SC,0,0,0,0,0,0,0,0,0
DEVBHOOMI DWARKA,ST,0,0,0,0,0,0,0,0,0
DOHAD,General,6.75,9.3,8.15,6.38,5.31,5.8,56.65,43.54,50.27
DOHAD,OBC,2.17,4.77,3.53,4.7,4.85,4.78,19.14,21.9,20.59
DOHAD,SC,0,0,0,0,0,0,28.65,29.03,28.83
DOHAD,ST,5.93,6.25,6.1,13.75,12.3,12.99,23.56,24.83,24.22
GANDHINAGAR,General,1.07,0.12,0.52,0.66,0,0.25,9.19,13.88,12.13
GANDHINAGAR,OBC,0.52,0,0.06,8.52,0.3,3.86,27.44,25,25.86
GANDHINAGAR,SC,0,0,0,0.64,1.26,1,15.61,20.89,18.73
GANDHINAGAR,ST,9.88,5.25,7.18,4.71,6.22,5.64,1.8,0,0
GIR SOMNATH,General,0,0,0,0,0,0,0,0,0
GIR SOMNATH,OBC,0,0,0,0,0,0,0,0,0
GIR SOMNATH,SC,0,0,0,0,0,0,0,0,0
GIR SOMNATH,ST,0,0,0,0,0,0,0,0,0
JAMNAGAR,General,20.45,17.26,18.68,18.98,18.18,18.53,28.2,36.53,32.88
JAMNAGAR,OBC,44.92,43.34,44.1,53.06,47.42,50.05,54.73,61.42,58.9
JAMNAGAR,SC,28.44,30.57,29.54,35.39,32.21,33.72,48.62,53.6,51.5
JAMNAGAR,ST,3.46,0.66,1.72,20.79,13.86,16.59,34.4,45.67,41.95
JUNAGADH,General,36.15,32.95,34.35,37.21,30.76,33.51,34.72,38.69,37.1
JUNAGADH,OBC,54.65,53.55,54.08,56.33,53.35,54.75,56.74,59.34,58.25
JUNAGADH,SC,47.14,47.87,47.53,46.02,40.86,43.33,50.88,51.17,51.04
JUNAGADH,ST,48.12,44.82,46.27,51.03,43.94,47.07,60.98,44.04,51.59
KACHCHH,General,0.4,0.89,0.66,9.52,6.36,7.78,18.21,29.31,24.77
KACHCHH,OBC,1.95,0.93,1.41,14.48,8.69,11.2,20.66,37.82,32.55
KACHCHH,SC,0,0,0,11.76,4.42,7.78,27.26,39.14,35.26
KACHCHH,ST,2.1,4.5,3.5,13.87,12.08,12.78,20,42.11,35.17
KHEDA,General,8.45,6.56,7.43,8.55,7.16,7.77,22.46,26.92,25.16
KHEDA,OBC,12.04,11.63,11.83,19.38,14.56,16.77,41.76,38.54,39.75
KHEDA,SC,15.84,15.04,15.41,22.36,18.01,20.03,29.75,35.36,33.03
KHEDA,ST,11.34,16.23,14.16,20.58,22.1,21.51,33.76,43.41,39.84
MAHESANA,General,1.65,2.59,2.2,1.31,3.12,2.41,6.56,14.08,11.05
MAHESANA,OBC,0.4,0,0,7.11,0.8,3.51,22.49,26.6,25.13
MAHESANA,SC,2.35,1.04,1.65,2.91,0,1.25,15.29,21.6,18.93
MAHESANA,ST,3.11,1.84,2.41,6.01,0,0,0,19.85,12.56
MAHISAGAR,General,0,0,0,0,0,0,0,0,0
MAHISAGAR,OBC,0,0,0,0,0,0,0,0,0
MAHISAGAR,SC,0,0,0,0,0,0,0,0,0
MAHISAGAR,ST,0,0,0,0,0,0,0,0,0
MORBI,General,0,0,0,0,0,0,0,0,0
MORBI,OBC,0,0,0,0,0,0,0,0,0
MORBI,SC,0,0,0,0,0,0,0,0,0
MORBI,ST,0,0,0,0,0,0,0,0,0
NARMADA,General,8.45,6.94,7.66,13.4,10.54,11.92,30.18,39.79,35.84
NARMADA,OBC,0.34,0,0,9.43,2.44,5.83,25.89,16.02,20.54
NARMADA,SC,8.53,25.15,17.38,0,18.08,9.26,0,0,0
NARMADA,ST,0.43,1.28,0.87,9.54,7.43,8.46,25.69,29.63,27.75
NAVSARI,General,2.56,2.01,2.26,4.85,3.48,4.09,15.58,16.82,16.26
NAVSARI,OBC,0,0,0,0.2,0,0,14.82,21.26,18.38
NAVSARI,SC,0,0,0,0,0,0,25.98,12.43,18.73
NAVSARI,ST,1.41,2.44,1.94,2.79,0,1.12,17.64,25.79,21.93
PANCH MAHALS,General,48.99,45.17,46.95,48.19,45.08,46.48,55.6,55.13,55.34
PANCH MAHALS,OBC,19.37,20.63,20.03,23.06,22.17,22.58,35.94,37.64,36.9
PANCH MAHALS,SC,33.25,37.04,35.27,37.86,35.96,36.82,53.22,55.29,54.37
PANCH MAHALS,ST,48.36,47.72,48.03,56.53,55.52,56,67.59,67.58,67.58
PATAN,General,0.04,0.1,0.07,5.9,2.38,3.92,18.49,6.61,11.64
PATAN,OBC,0.8,0.43,0.6,11.06,4.61,7.39,31.81,16.96,22.4
PATAN,SC,0,1.59,0.09,6.53,2.32,4.22,20.87,17.67,19.06
PATAN,ST,14.62,14.17,14.37,30.03,7.88,17.12,55.06,37.03,44.58
PORBANDAR,General,4.84,0.62,2.52,2.96,2.22,2.53,18.2,27.1,23.53
PORBANDAR,OBC,0.16,1.52,0.88,10.14,6.89,8.45,19.37,28.65,24.62
PORBANDAR,SC,6.36,3.13,4.74,8.32,6.05,7.16,13.8,30.44,23.04
PORBANDAR,ST,9.93,11.49,10.82,30.71,15.36,22.32,50,37.78,42.57
RAJKOT,General,24.12,23.57,23.81,22.26,20.78,21.41,26.1,29.51,28.09
RAJKOT,OBC,22.04,19.85,20.88,29.32,22.34,25.47,32.22,36.71,35.01
RAJKOT,SC,20.46,19.45,19.93,24.54,20.71,22.48,38.84,44.44,41.95
RAJKOT,ST,15.41,18.03,17.02,21.09,24.52,23.19,19.52,42.67,34.52
SABAR KANTHA,General,28.91,28.85,28.88,29.5,29.99,29.78,33.29,38.08,36.1
SABAR KANTHA,OBC,49,48.39,48.68,52.99,49.11,50.87,61.82,58.11,59.65
SABAR KANTHA,SC,30.13,29.85,29.98,30.89,29.91,30.35,34.01,35.52,34.85
SABAR KANTHA,ST,37.2,36.41,36.79,45.77,45.36,45.55,58.88,58.74,58.81
SURAT,General,0,0,0,0.97,0,0,13.67,16.15,15.1
SURAT,OBC,0,0,0,2.53,0.94,1.63,12.03,22.35,18.14
SURAT,SC,1.9,0.28,1.04,9.32,8.55,8.89,21.34,33.66,28.49
SURAT,ST,2.46,1.94,2.19,8.97,8.28,8.61,26.87,34.9,31.11
SURENDRANAGAR,General,14.85,14.21,14.48,16.05,15.37,15.64,26.65,27.01,26.86
SURENDRANAGAR,OBC,11.17,10.79,10.96,24.64,18.75,21.35,34.56,35.28,35.04
SURENDRANAGAR,SC,12.22,12.22,12.22,16.34,14.43,15.31,33.41,27.56,30.06
SURENDRANAGAR,ST,32.33,31.81,32.02,45.16,33.42,37.53,54.69,45.67,48.1
TAPI,General,2.93,6.42,4.75,1,15.75,8.99,1.13,22.11,12.1
TAPI,OBC,6.45,8.71,7.63,11.28,8.59,9.84,23.7,27.74,26.03
TAPI,SC,29.73,35.7,32.96,43.16,31.03,36.84,38.99,48.92,44.36
TAPI,ST,0,0.02,0,9.66,9.16,9.41,17.88,17.32,17.61
THE DANGS,General,0,0,0,0,0,0,86.23,89.44,87.89
THE DANGS,OBC,0,0,0,0,0,0,0,20.83,9.63
THE DANGS,SC,0,0,0,0,0,0,11.77,12.5,12
THE DANGS,ST,4.65,4.66,4.65,12.4,11.92,12.16,8.81,8.67,8.74
VADODARA,General,2.17,3.13,2.69,6.08,3.07,4.39,20.21,27.65,24.58
VADODARA,OBC,11.98,10.6,11.25,21.15,13.49,16.91,37.42,44.63,41.8
VADODARA,SC,10.67,8.84,9.68,9.81,11.01,10.49,28.43,36.59,33.03
VADODARA,ST,72.11,71.13,71.6,71.1,67.81,69.33,77.5,77.09,77.27
VALSAD,General,13.24,16.87,15.25,10.65,16.66,14.09,19.49,29.02,24.89
VALSAD,OBC,0,0,0,0,0,0,7.41,2.31,4.7
VALSAD,SC,0,0,0,0,0,0,14.54,8.27,11.44
VALSAD,ST,2.23,2.36,2.3,6.62,5.69,6.14,16.24,17.18,16.73
AHMEDABAD,General,0.5,0.42,0.45,3.01,0.89,1.82,9.91,12.97,11.69
AHMEDABAD,OBC,0,0,0,8.87,2.46,5.29,22.21,27,25.24
AHMEDABAD,SC,1.59,0.17,0.84,5.57,0.99,3.05,22.02,26.08,24.37
AHMEDABAD,ST,0.04,3.54,1.94,12.11,2.68,6.81,16.11,27.81,23.33
AMRELI,General,4.69,8.22,6.69,1.31,8.47,5.25,8.39,30.41,20.28
AMRELI,OBC,2.84,2.22,2.51,16.12,7.95,11.77,33.05,32.15,32.51
AMRELI,SC,0,0.15,0,2.66,0.24,1.39,27.51,32.12,30.01
AMRELI,ST,5.5,0,0,9.52,3.96,6.07,20.45,38.12,31.85
ANAND,General,3.52,2.47,2.95,8.1,2.86,5.22,20.4,18.3,19.2
ANAND,OBC,0,0,0,7.12,1.06,3.78,33.85,32.44,32.97
ANAND,SC,9.58,7.21,8.33,13.04,10.28,11.56,22.57,32.25,28.22
ANAND,ST,0,0,0,1.07,2.48,1.92,19.14,43.75,34.37
ARAVALLI,General,9.05,3.12,5.85,15.31,4.13,9.14,7.88,5.33,6.37
ARAVALLI,OBC,0,0,0,4.29,2.39,3.26,31.8,28.25,29.79
ARAVALLI,SC,0,0,0,3.66,1.52,2.49,20.12,17.65,18.77
ARAVALLI,ST,0.68,0.43,0.55,2.11,0.59,1.3,21.26,24.61,23.02
BANAS KANTHA,General,0,0.26,0,10.29,5.69,7.76,25.82,26.16,26.03
BANAS KANTHA,OBC,2.65,1.81,2.2,17.34,8.54,12.32,31.18,31.75,31.58
BANAS KANTHA,SC,2.66,2.69,2.67,15.84,7.83,11.53,32.02,30.89,31.31
BANAS KANTHA,ST,3.95,3.25,3.58,12.08,10.6,11.25,31.74,30.42,31
BHARUCH,General,0,0,0,0.66,0,0,12.08,22.33,17.82
BHARUCH,OBC,0,0.15,0,4.36,0.19,2.09,17.18,30.74,24.89
BHARUCH,SC,11.81,12.89,12.38,18.89,9.77,14.09,31.25,35.34,33.5
BHARUCH,ST,1.01,1.07,1.04,12.02,9.11,10.51,33.58,39.49,36.91
BHAVNAGAR,General,1.19,0,0.31,4.11,2.09,2.96,5.78,5,5.32
BHAVNAGAR,OBC,1.28,1.19,1.24,14.22,7.85,10.76,27.83,24.27,25.64
BHAVNAGAR,SC,2.48,5.21,3.9,4.94,2.09,3.43,24.29,20.5,22.16
BHAVNAGAR,ST,0,0,0,4.21,0,0,36.79,31.29,33.4
BOTAD,General,0,0,0,0,0,0,16.53,12.66,14.26
BOTAD,OBC,0,0,0,15.05,5.82,9.98,29.19,29.04,29.09
BOTAD,SC,0.6,0,0,10.07,3.78,6.78,35.12,37.3,36.36
BOTAD,ST,0,0,0,0,0,0,40,16.67,23.81
CHHOTAUDEPUR,General,2.23,0.33,1.21,0,0.56,0,1.06,39.61,24.92
CHHOTAUDEPUR,OBC,4.77,2.01,3.35,2.51,7.94,5.38,42.47,42.58,42.53
CHHOTAUDEPUR,SC,11.61,14.98,13.41,12.84,18.46,16.05,46.85,55.32,52.01
CHHOTAUDEPUR,ST,4.17,4.4,4.3,12.47,10.58,11.47,43.05,40.06,41.46
DEVBHOOMI DWARKA,General,0,0,0,4.54,0,0,19.54,24.23,22.42
DEVBHOOMI DWARKA,OBC,0,0,0,14.13,7.11,10.39,30.58,35.48,33.55
DEVBHOOMI DWARKA,SC,1.38,4.38,2.95,13.31,13.37,13.34,33.54,44.83,40.55
DEVBHOOMI DWARKA,ST,0,1.03,0,12.72,0,5.09,3.57,39.39,31.5
DOHAD,General,10.24,12.48,11.44,9.04,19.95,15.01,0,26.74,14.95
DOHAD,OBC,0,0,0,2.02,0.26,1.09,27.66,21.84,24.6
DOHAD,SC,12.41,17.26,15.04,21.14,24.35,22.79,40.77,22.23,31.87
DOHAD,ST,4.71,4.65,4.68,11.4,11.08,11.23,35.47,34.42,34.91
GANDHINAGAR,General,1.13,0,0.04,0,0,0,4.4,6.1,5.47
GANDHINAGAR,OBC,0,0,0,9.19,1.7,5,24.13,25.18,24.8
GANDHINAGAR,SC,4.28,2.75,3.45,3.73,1.66,2.54,8.4,13.27,11.32
GANDHINAGAR,ST,0,0,0,0,0,0,11.91,17.41,15.33
GIR SOMNATH,General,6.48,6.91,6.71,9.22,8.03,8.57,21.49,23.35,22.58
GIR SOMNATH,OBC,0.14,0,0,10.92,7.03,8.88,25.56,28.16,27.04
GIR SOMNATH,SC,2.96,4.06,3.53,6.47,7.51,7,18.03,18.8,18.42
GIR SOMNATH,ST,11.34,25.76,19.81,0,8.18,0,45.49,31.14,37.66
JAMNAGAR,General,0,1.25,0,0,7.06,1.89,14.41,17.96,16.35
JAMNAGAR,OBC,4.63,7.25,6,13.27,11.32,12.21,21.86,31.42,27.66
JAMNAGAR,SC,2.01,1.21,1.6,8.63,8.31,8.46,15.91,30.28,24.2
JAMNAGAR,ST,18.62,16.57,17.34,21.53,23.26,22.63,57.97,52.21,54.4
JUNAGADH,General,0.75,1.46,1.15,0,0.63,0,11.96,18.92,16.18
JUNAGADH,OBC,0.9,0.64,0.77,2.93,0,1.08,16.91,19.88,18.61
JUNAGADH,SC,0,0,0,0,0,0,19.12,20.63,19.96
JUNAGADH,ST,3.31,0.54,1.7,13.39,6.53,9.45,0,8.54,3.92
KACHCHH,General,5.61,4.88,5.23,14.85,9.44,11.93,19.87,28.43,24.88
KACHCHH,OBC,0,0.1,0,16.7,10.48,13.27,29.74,40.98,37.1
KACHCHH,SC,3.73,3.51,3.62,15.31,7.44,11.17,24.38,36.5,32.25
KACHCHH,ST,8.73,5.45,6.88,25.41,15.92,19.59,37.6,46.36,43.18
KHEDA,General,1.74,1.22,1.46,4.55,1.45,2.82,29.54,25.31,27.03
KHEDA,OBC,0.52,0.57,0.55,9.67,4.24,6.73,45.61,43.43,44.28
KHEDA,SC,0,0,0,4.06,2.32,3.12,31.08,35.05,33.36
KHEDA,ST,0,0,0,8.29,5.06,6.37,35.48,36.66,36.23
MAHESANA,General,0,0,0,0,0,0,8.64,20.17,15.63
MAHESANA,OBC,0.38,0.32,0.35,8.84,3.3,5.71,27.16,30.44,29.23
MAHESANA,SC,0,1.14,0.43,4.49,3.67,4.04,26.4,29.26,28.07
MAHESANA,ST,0,0,0,0,2.71,1.05,0,23.03,10.88
MAHISAGAR,General,2.26,2.34,2.3,11.68,10.13,10.83,30.56,30.94,30.78
MAHISAGAR,OBC,1.34,2.32,1.85,5.49,3.96,4.67,40.55,36.55,38.31
MAHISAGAR,SC,1.4,0.79,1.07,6.56,6.83,6.71,51.5,35.06,43.14
MAHISAGAR,ST,2.08,2.19,2.14,5.75,3.11,4.37,35.5,33.07,34.24
MORBI,General,2.83,1.8,2.27,3.03,2.34,2.65,11.45,13.81,12.8
MORBI,OBC,0.87,0.44,0.65,15.94,7.4,11.32,28.02,29.1,28.72
MORBI,SC,3.65,2.89,3.24,7.11,5.17,6.07,26.07,31.52,29.21
MORBI,ST,0,0,0,24,9.4,14.12,50.96,35.55,41.48
NARMADA,General,0,1.83,0,9.79,7.48,8.58,35.1,34.41,34.7
NARMADA,OBC,0.41,0,0.17,6.95,1.56,4.14,31.49,38.8,35.59
NARMADA,SC,13.48,15.27,14.37,16.97,12.63,14.6,72.68,67.12,69.88
NARMADA,ST,1.79,1.07,1.42,10.29,8.63,9.43,39.4,40.78,40.11
NAVSARI,General,0,0,0,0.63,0,0,6.77,12.67,10.04
NAVSARI,OBC,0,0,0,1.71,0.85,1.25,8.98,16.65,13.28
NAVSARI,SC,10.8,14.86,12.96,4.82,13.54,9.57,7.18,31.52,20.89
NAVSARI,ST,0.72,0.42,0.56,1.3,0,0.12,26.15,31.97,29.2
PANCH MAHALS,General,0,0,0,0,0,0,21.93,26,24.29
PANCH MAHALS,OBC,0.38,0,0.15,9.15,5.34,7.13,41.74,39.52,40.51
PANCH MAHALS,SC,6.25,3.36,4.78,12.31,12.72,12.54,38.94,29.67,33.77
PANCH MAHALS,ST,2.35,2.08,2.21,11.98,12.21,12.1,40.49,40.14,40.31
PATAN,General,0,0,0,5.64,2.91,4.12,17.82,22.56,20.71
PATAN,OBC,1.33,1.14,1.23,14.55,7.07,10.41,32.08,31.6,31.76
PATAN,SC,2.95,2.34,2.63,9.93,4.58,7.03,30.39,32.46,31.62
PATAN,ST,0,0,0,2.34,0,0.67,6.58,31.51,24.44
PORBANDAR,General,0,3.37,1.75,4.73,0.09,2.15,7.5,23.85,17.17
PORBANDAR,OBC,0.49,0.74,0.62,11.79,8.54,10.1,24.15,31.02,28
PORBANDAR,SC,1.05,3.27,2.19,3.67,5.78,4.74,17.98,29.31,23.99
PORBANDAR,ST,0,0,0,0,0,0,7.58,0,0
RAJKOT,General,0,0,0,0,0,0,0,7.37,4.33
RAJKOT,OBC,2.17,2.91,2.57,10.3,5.62,7.71,16.56,22.05,19.94
RAJKOT,SC,3.26,0.96,2.06,2.02,3.04,2.56,21.02,26.58,24.09
RAJKOT,ST,11.9,7.47,9.24,10.5,10.58,10.55,39.41,3.54,18.9
SABAR KANTHA,General,0,0,0,0,0,0,11.89,20.23,16.73
SABAR KANTHA,OBC,1.4,1.02,1.2,6.79,3.73,5.12,28.15,28.31,28.25
SABAR KANTHA,SC,0.61,0,0.23,3.61,1.08,2.23,28.69,27.09,27.8
SABAR KANTHA,ST,3.08,2.9,2.99,12.45,10.06,11.19,33,30.13,31.51
SURAT,General,0,0,0,3.86,3.69,3.76,12.44,17.75,15.54
SURAT,OBC,1.03,0,0,8.4,0,3.59,16.61,17.81,17.31
SURAT,SC,2.72,4.07,3.44,10.59,5.58,7.87,19.75,27.84,24.41
SURAT,ST,1.13,0.94,1.04,7.37,5.36,6.33,19.31,22.42,20.91
SURENDRANAGAR,General,0.99,3.1,2.17,0.6,0.5,0.54,16.32,17.52,17.01
SURENDRANAGAR,OBC,2.71,2.35,2.53,17.54,11.49,14.23,32.42,28.52,29.86
SURENDRANAGAR,SC,1.04,0.34,0.67,6.61,3.77,5.09,23.74,28.39,26.37
SURENDRANAGAR,ST,0,2,0.14,0,9.82,5.13,0.84,18.25,12.98
TAPI,General,5.57,1.35,3.43,15.56,6.34,10.92,18.33,8.28,13.32
TAPI,OBC,0,0,0,0,0,0,9.38,20.76,15.88
TAPI,SC,0,0,0,3.46,0,0,4.2,18.88,12.68
TAPI,ST,0.44,0.96,0.7,8.38,9.63,9.01,20.93,30.37,25.64
THE DANGS,General,52.8,58.17,55.75,148.53,151.35,150,0,0,0
THE DANGS,OBC,0,0,0,0,0,0,25.65,23.75,24.68
THE DANGS,SC,0,0,0,46.81,20,34.48,4.76,14.29,8.57
THE DANGS,ST,5.26,5.86,5.58,15.87,15.46,15.66,31.97,31.87,31.93
VADODARA,General,0.48,0,0,4.42,1.93,3.03,20.3,31.41,26.84
VADODARA,OBC,0,0,0,4.89,0.32,2.36,25.31,32.74,29.86
VADODARA,SC,1.71,2.57,2.18,7.77,4.85,6.15,25.78,33.5,30.2
VADODARA,ST,0.81,0.47,0.64,12.67,6.85,9.47,41.47,41.57,41.53
VALSAD,General,0,0,0,0,0,0,0,0,0
VALSAD,OBC,12.96,16.46,14.83,10.18,13.12,11.8,14.08,27.04,21.39
VALSAD,SC,15.07,17.47,16.35,6.99,17.61,12.73,18.67,38.36,29.4
VALSAD,ST,2.02,2.19,2.1,7.36,7.13,7.24,24.08,26.65,25.42
AHMEDABAD,General,0,0,0,0.28,0,0,5.27,12.37,9.44
AHMEDABAD,OBC,6.85,6.71,6.77,16.93,11.16,13.75,33.79,35.73,35.01
AHMEDABAD,SC,0,0,0,6.86,4.9,5.78,29.34,33.69,31.87
AHMEDABAD,ST,0,0,0,0,0,0,0,0,0
AMRELI,General,0,0,0,0,6.85,2.08,5.27,17.3,11.37
AMRELI,OBC,2.57,2.45,2.51,12.62,6.51,9.36,32.63,28.24,29.96
AMRELI,SC,2.94,3.43,3.2,4.27,2.35,3.27,32,35.7,34.01
AMRELI,ST,0,3.26,0.23,0,0,0,30.64,0,6.73
ANAND,General,0,0,0,3.47,4.72,4.16,25.08,23.86,24.37
ANAND,OBC,2.68,2.44,2.56,11.57,5.37,8.17,34.66,35.21,35.01
ANAND,SC,2.2,3.35,2.81,0,0,0,14.76,30.77,23.87
ANAND,ST,0,0,0,0,0,0,23,29.14,26.66
ARAVALLI,General,1.41,0,0.33,0,0,0,2.28,0.46,1.19
ARAVALLI,OBC,0.89,0.76,0.82,7.09,4.74,5.83,26.9,28.39,27.75
ARAVALLI,SC,4.65,3.37,3.98,6.67,3.5,4.93,15.8,20.92,18.66
ARAVALLI,ST,0.71,0.28,0.5,0,0,0,20.09,22.85,21.59
BANAS KANTHA,General,2.51,3.81,3.19,14.01,6.36,9.87,23.28,21.83,22.38
BANAS KANTHA,OBC,0.63,0,0,15.26,7.74,11.04,29.87,30.74,30.47
BANAS KANTHA,SC,0,0,0,11.22,5.37,8.08,33.29,31.45,32.13
BANAS KANTHA,ST,3.75,3.09,3.4,14.27,13.3,13.74,26.33,31.19,29.1
BHARUCH,General,0,1.75,0.47,5.68,3.5,4.5,25.22,30.01,27.85
BHARUCH,OBC,4.98,4.67,4.82,11.71,9.18,10.34,29.8,38.06,34.47
BHARUCH,SC,0,0,0,0,0,0,22.12,37.49,31.09
BHARUCH,ST,1.4,0.01,0.69,13.23,10.43,11.77,40.85,39.77,40.25
BHAVNAGAR,General,0,0,0,2.27,0.32,1.14,8.57,16.49,13.27
BHAVNAGAR,OBC,0,0,0,8.71,4.73,6.56,24.48,26.58,25.78
BHAVNAGAR,SC,5.11,5.6,5.36,14.12,9.76,11.88,26.36,32.65,30.04
BHAVNAGAR,ST,6.42,14.63,11.31,23.76,30.72,28.02,0,0,0
BOTAD,General,2.22,0.9,1.49,0,0,0,21.42,18.57,19.7
BOTAD,OBC,2,2.24,2.12,13.63,6.39,9.69,30.21,29.5,29.75
BOTAD,SC,2.93,4.65,3.85,6.57,6.29,6.42,26.03,28.58,27.48
BOTAD,ST,0.61,11.87,7.62,29.88,21.71,24.61,35.71,36.06,35.98
CHHOTAUDEPUR,General,0.99,3.37,2.29,9.51,6.02,7.74,34.59,21.09,28.28
CHHOTAUDEPUR,OBC,0,0,0,9.48,2.37,5.79,23,27.28,25.31
CHHOTAUDEPUR,SC,0,4.61,1.97,2.69,0,0,25.31,21.04,22.91
CHHOTAUDEPUR,ST,5.81,6.77,6.3,11.41,12.46,11.96,20.31,24.99,22.85
DEVBHOOMI DWARKA,General,3.88,7.48,5.82,14.85,10.87,12.65,22.46,30.84,27.91
DEVBHOOMI DWARKA,OBC,2.36,2.75,2.56,14.89,10.57,12.58,30.29,35.04,33.15
DEVBHOOMI DWARKA,SC,0,0,0,10.24,8.22,9.2,35.01,43.41,40.14
DEVBHOOMI DWARKA,ST,0,0,0,0,0,0,25.86,37.34,32.33
DOHAD,General,0,0,0,0,0,0,0,0,0
DOHAD,OBC,5.1,4.48,4.78,10.07,9.5,9.77,29.5,33.09,31.43
DOHAD,SC,14.22,13.26,13.71,12.17,3.47,7.65,11.37,8.27,9.77
DOHAD,ST,3.39,4.19,3.8,8.34,9.76,9.09,22.35,22.88,22.64
GANDHINAGAR,General,0,0,0,0,0,0,0,6.5,3.67
GANDHINAGAR,OBC,0,0.06,0,8.23,0.85,4.15,26.25,27.57,27.09
GANDHINAGAR,SC,0,0,0,0,0,0,12.06,20.22,16.96
GANDHINAGAR,ST,0,0,0,0,0,0,0,0,0
GIR SOMNATH,General,2.42,1.07,1.7,12.02,2.97,7.18,29.74,26.85,28.04
GIR SOMNATH,OBC,0.92,1.58,1.27,10.27,8.36,9.27,25.07,25.51,25.32
GIR SOMNATH,SC,0.98,2.76,1.89,6.12,6.25,6.18,19.11,19.66,19.38
GIR SOMNATH,ST,0,3.73,1.88,0,0,0,12.31,3.14,6.91
JAMNAGAR,General,35.46,31.72,33.45,31.91,28.25,29.93,41,38.67,39.75
JAMNAGAR,OBC,0,0,0,0,0,0,4.92,21.72,14.8
JAMNAGAR,SC,10.41,11.66,11.04,17.29,10.61,13.9,39.83,38.05,38.86
JAMNAGAR,ST,9.85,10.26,10.11,27.16,23.42,24.82,0,29.65,16.42
JUNAGADH,General,1.78,2.15,1.99,6.18,2.29,3.88,10.57,13.14,12.1
JUNAGADH,OBC,1.38,1.1,1.24,3.43,1.63,2.46,20.45,21.5,21.05
JUNAGADH,SC,1.89,1.54,1.72,0.4,0,0,21.3,27.25,24.6
JUNAGADH,ST,0,0,0,0,0,0,5.87,0,0.22
KACHCHH,General,4.34,3.23,3.75,11.53,7.22,9.22,17.04,30.67,25.18
KACHCHH,OBC,1.39,2.61,2.03,17.54,11.38,14.19,25.8,35.09,31.83
KACHCHH,SC,2.34,1.47,1.89,12.27,6.28,9.16,29.16,39.6,35.62
KACHCHH,ST,8.76,4.25,6.24,14.01,15.12,14.71,15.87,26.3,22.9
KHEDA,General,0,0.08,0,3.61,1.44,2.43,22.87,30.19,27.32
KHEDA,OBC,0.13,0,0,7.62,2.3,4.75,37.42,36.03,36.57
KHEDA,SC,0,0,0,6.51,7.64,7.13,27.28,33.33,30.73
KHEDA,ST,6.44,0.07,2.95,15.62,7.88,11.07,30.1,39.24,35.92
MAHESANA,General,0,0,0,1.91,0.49,1.06,8,15.66,12.62
MAHESANA,OBC,0.97,0.41,0.67,8.47,2.79,5.31,27.91,30.71,29.66
MAHESANA,SC,0.91,0.38,0.64,2.84,0.18,1.38,13.39,26.48,21.06
MAHESANA,ST,0,0,0,0,0,0,18.58,35.69,28.87
MAHISAGAR,General,4.87,5.03,4.95,4.57,4.54,4.56,15.23,18.33,17.01
MAHISAGAR,OBC,0,0.25,0,2.92,0.51,1.64,26.65,20.02,22.91
MAHISAGAR,SC,9.62,8.14,8.83,7.27,7.03,7.14,4.94,15.8,11.28
MAHISAGAR,ST,1.19,1.81,1.5,6.19,6.04,6.11,22.71,27.25,25.12
MORBI,General,0.78,0,0.02,0,0,0,5.6,11.73,9.14
MORBI,OBC,1.25,2.16,1.72,15.26,9.29,12.02,29.16,27.82,28.3
MORBI,SC,1.52,0,0.57,8.14,4.07,5.91,27,24.81,25.81
MORBI,ST,4.09,0,0,10.7,0,0.76,18.06,38.07,33.45
NARMADA,General,6.2,2.3,4.17,5.26,1.21,3.13,11.42,18.51,15.35
NARMADA,OBC,7.65,5.57,6.57,9.77,4.21,6.77,35.02,37.04,36.11
NARMADA,SC,0,0,0,0,0,0,30.24,31.37,30.85
NARMADA,ST,1.33,1.81,1.57,9.29,11.23,10.29,32.07,33.74,32.94
NAVSARI,General,0.38,1.88,1.19,4.07,3.34,3.67,8.9,14.94,12.25
NAVSARI,OBC,2.48,1.32,1.88,4.59,0.86,2.63,7.64,18.69,13.89
NAVSARI,SC,0.36,0,0,0,0,0,28.23,24.96,26.49
NAVSARI,ST,0.47,0.64,0.56,0,0.38,0.02,22.14,28.85,25.69
PANCH MAHALS,General,0,0.09,0,3.86,6.65,5.42,18.3,22.49,20.67
PANCH MAHALS,OBC,0.58,0.49,0.53,8.54,4.26,6.28,28.24,27.84,28.02
PANCH MAHALS,SC,0,0,0,1.44,4.44,3.04,20.22,20.87,20.59
PANCH MAHALS,ST,2.33,2.54,2.44,11.7,11.55,11.62,25.6,32.67,29.43
PATAN,General,0,0,0,8.78,1.48,4.77,9.71,18.34,14.91
PATAN,OBC,1.66,1.12,1.38,14,6.72,10.01,37.09,35.79,36.24
PATAN,SC,0.49,0,0.15,8.16,5.45,6.68,32.76,32.78,32.77
PATAN,ST,0,0,0,0.89,0,0,20.81,25.12,23.72
PORBANDAR,General,0,0,0,4.48,0,0,18.95,27.34,23.84
PORBANDAR,OBC,1.65,2.25,1.97,9.38,5.54,7.39,16.32,32.97,25.7
PORBANDAR,SC,4.09,7.18,5.65,7.27,12.07,9.71,28.81,41.19,34.91
PORBANDAR,ST,8.59,8.84,8.73,20.07,15.89,17.62,30.93,46.41,41.01
RAJKOT,General,0,0,0,0,0,0,0.97,8.95,5.79
RAJKOT,OBC,4.43,3.9,4.15,9.92,4.79,7.08,20.76,21.85,21.42
RAJKOT,SC,0.22,1.62,0.96,3.65,4.77,4.25,25.09,28.73,27.07
RAJKOT,ST,4.2,5.29,4.86,21.17,12.16,15.76,26.99,21.63,23.43
SABAR KANTHA,General,1.9,1.79,1.84,0,0,0,9.8,10.17,10.01
SABAR KANTHA,OBC,0.8,0.64,0.71,8.42,5.43,6.79,31.21,30.41,30.73
SABAR KANTHA,SC,0.18,0.62,0.42,2.46,1.19,1.76,21.43,22,21.75
SABAR KANTHA,ST,2.67,2.66,2.66,10.88,12.05,11.5,30.64,31.7,31.21
SURAT,General,1.77,0.15,0.87,5.86,3.45,4.49,13.67,14.88,14.37
SURAT,OBC,0,0,0,2.53,2.91,2.74,11.5,14.34,13.21
SURAT,SC,3.76,6.49,5.21,7.87,8.26,8.08,18.55,25.45,22.57
SURAT,ST,0,0,0,5.79,3.67,4.69,20.4,27.96,24.4
SURENDRANAGAR,General,18.95,22.98,21.19,14.18,18.84,16.9,15.82,17.12,16.6
SURENDRANAGAR,OBC,0,0,0,14.12,7.28,10.43,31.83,31.67,31.73
SURENDRANAGAR,SC,5.78,7.94,6.89,10.69,9.27,9.93,30.01,27.11,28.41
SURENDRANAGAR,ST,0.26,0,0,9.93,8.8,9.24,60.59,46.97,51.06
TAPI,General,0,0,0,0,0,0,22.93,27.97,25.75
TAPI,OBC,3.96,4.37,4.18,5.91,4.7,5.26,34.52,41.86,38.69
TAPI,SC,15.27,10.88,12.93,0,0,0,0,0,0
TAPI,ST,0.32,1.04,0.68,7.74,8.68,8.21,20.44,26.04,23.19
THE DANGS,General,19.51,24.29,22.05,8.62,7.04,7.75,35.9,51.22,43.75
THE DANGS,OBC,0,0,0,2.79,0,0,32.88,35.22,34.16
THE DANGS,SC,19.39,21.5,20.42,0,0,0,33.33,19.04,26.67
THE DANGS,ST,5.22,5.06,5.13,14.89,15.99,15.45,19.46,22.38,20.88
VADODARA,General,0,0,0,5.07,1.51,3.09,18.07,25.14,22.18
VADODARA,OBC,0.11,0.46,0.29,7.7,2.87,5.05,24.66,36.32,31.78
VADODARA,SC,0.98,2.27,1.68,2.81,2.14,2.44,25.37,31.01,28.64
VADODARA,ST,1.83,0.95,1.37,11.8,7.8,9.61,30.55,37.06,34.5
VALSAD,General,2.67,4.69,3.78,8.38,9,8.74,17,23.2,20.55
VALSAD,OBC,0,0,0,0,0,0,2.4,7.49,5.19
VALSAD,SC,0,0,0,0,0,0,12.19,0,2.59
VALSAD,ST,2.48,2.99,2.73,8.06,7.68,7.87,25.31,29.25,27.37
AHMEDABAD,General,5.15,2.89,3.93,7.42,3.61,5.27,14.12,14.02,14.07
AHMEDABAD,OBC,0,0,0,10.67,3.21,6.6,16.11,20.48,18.85
AHMEDABAD,SC,0,0,0,5.74,1.44,3.38,8.76,15.31,12.52
AHMEDABAD,ST,35.37,29.4,32.19,42.03,35.28,38.31,31.33,32.74,32.18
AMRELI,General,1.38,0,0.16,0,0,0,10,0,4.92
AMRELI,OBC,1.7,1.78,1.75,12.08,6.34,9.04,27.77,31.17,29.85
AMRELI,SC,0,0,0,0.16,0,0,23.3,28.96,26.34
AMRELI,ST,13.92,9.02,10.91,21.33,25.64,24.08,29.59,52.03,46.07
ANAND,General,0,0,0,1.72,0,0,11.63,14.56,13.35
ANAND,OBC,2.62,2.84,2.73,11.64,8.04,9.67,30.47,31.23,30.94
ANAND,SC,0,0,0,0,0,0,27.02,26.11,26.53
ANAND,ST,8.79,6.79,7.69,10.75,0,4.79,24.41,22.48,23.3
ARAVALLI,General,0,0,0,0,0,0,11.3,15.42,13.75
ARAVALLI,OBC,2.41,0.93,1.65,7.59,3.69,5.53,23.46,20.58,21.84
ARAVALLI,SC,1.85,0,0.77,3.6,0.75,2.04,18.26,11.75,14.64
ARAVALLI,ST,5.43,1.5,3.43,7,3.8,5.3,20.07,20.83,20.5
BANAS KANTHA,General,1.12,0,0.27,12.15,5.11,8.37,18.96,18.39,18.61
BANAS KANTHA,OBC,3.58,2.99,3.27,19.44,9.82,14.12,21.77,22.79,22.45
BANAS KANTHA,SC,2.71,3.32,3.02,16.76,9.51,12.89,27.21,24.3,25.4
BANAS KANTHA,ST,7.46,7.19,7.32,18.88,18.6,18.73,26.08,31.47,29.1
BHARUCH,General,0,0,0,4.02,0,1.63,8.09,15.97,12.49
BHARUCH,OBC,0,0,0,5.75,2.72,4.14,20.42,27.91,24.71
BHARUCH,SC,7.61,7.27,7.43,6.11,4.57,5.29,6.23,27.55,18.27
BHARUCH,ST,1.18,1.5,1.34,15.46,11.32,13.31,16.93,29.75,24.09
BHAVNAGAR,General,0,0,0,0,0,0,10.64,10.42,10.52
BHAVNAGAR,OBC,3.32,2.38,2.83,13.64,7.46,10.34,26.38,24.55,25.28
BHAVNAGAR,SC,2.19,1.21,1.69,7.07,0.8,3.8,26.43,27.36,26.95
BHAVNAGAR,ST,0,0,0,0,0,0,0,20.36,12.38
BOTAD,General,1.69,0,0,3.87,2.96,3.32,22.83,21.88,22.25
BOTAD,OBC,2.43,2.02,2.22,12.14,5.67,8.66,22.97,19.78,20.95
BOTAD,SC,3.67,4.51,4.11,12.71,6.37,9.42,35.44,43.12,39.8
BOTAD,ST,3.47,0,0.8,31.5,12.34,19.13,46.16,21.14,28.57
CHHOTAUDEPUR,General,0,0,0,0,0,0,18.22,15.06,16.63
CHHOTAUDEPUR,OBC,4.98,4.16,4.55,11.38,12.7,12.09,15.81,19.57,17.85
CHHOTAUDEPUR,SC,3.1,0,0,18.86,16.21,17.4,0,31.05,3.22
CHHOTAUDEPUR,ST,6.84,6.19,6.5,13.67,12.57,13.1,22.05,24.65,23.44
DEVBHOOMI DWARKA,General,0,0,0,7.35,0,2.53,25.97,26.81,26.5
DEVBHOOMI DWARKA,OBC,2.36,2.97,2.68,15.19,10.7,12.81,28.24,33.36,31.25
DEVBHOOMI DWARKA,SC,0,0,0,14.27,4.54,9.4,32.53,41.62,37.87
DEVBHOOMI DWARKA,ST,25.71,24.47,25.02,26.19,25.97,26.07,32.59,25.78,29.04
DOHAD,General,8.6,0,3.74,4.39,2.15,3.22,33.04,2.71,19.14
DOHAD,OBC,2.58,2.92,2.76,7.97,6.96,7.44,14.19,15.89,15.11
DOHAD,SC,0,0,0,7.8,7.13,7.45,33.74,45.59,40.4
DOHAD,ST,5.34,4.22,4.76,14.27,11.31,12.74,20.72,18.57,19.57
GANDHINAGAR,General,0,0,0,0,0,0,2.56,4.21,3.6
GANDHINAGAR,OBC,1.53,0.01,0.74,8.8,1.88,4.99,22.45,21.53,21.87
GANDHINAGAR,SC,0.44,1.1,0.8,5.6,1.84,3.49,3.73,10.62,7.74
GANDHINAGAR,ST,1.55,1.66,1.61,5.65,0.21,2.42,7.25,10.43,9.15
GIR SOMNATH,General,0,0,0,6.44,3.01,4.59,25.17,29.48,27.79
GIR SOMNATH,OBC,2.14,2.33,2.24,11.06,8.01,9.47,22.99,21.93,22.4
GIR SOMNATH,SC,0.2,0,0,6.73,5.46,6.08,27.16,25.04,26.06
GIR SOMNATH,ST,0,0,0,0,2.5,0,49.75,35.42,41.5
JAMNAGAR,General,0,0,0,0,0,0,0,0,0
JAMNAGAR,OBC,13.95,12.47,13.2,23.64,19.09,21.25,39.13,41.31,40.36
JAMNAGAR,SC,0,0,0,0,0,0,16.71,33.5,26.28
JAMNAGAR,ST,2.47,4.08,3.49,0,0,0,4.64,15.81,11.64
JUNAGADH,General,2.45,1.65,2.01,7.19,2.74,4.56,11.02,14.35,13.02
JUNAGADH,OBC,2.37,3.35,2.88,3.8,0.41,1.99,18.78,19.32,19.09
JUNAGADH,SC,0,0,0,0,0,0,20.45,22.44,21.53
JUNAGADH,ST,0,0,0,0,0,0,0,0,0
KACHCHH,General,0,1.31,0.42,10.81,7.72,9.15,18.64,25.09,22.38
KACHCHH,OBC,2.55,0.07,1.26,21.29,12.91,16.76,22.79,32.96,29.21
KACHCHH,SC,0,0,0,9.22,3.07,6.06,22.74,32.7,28.68
KACHCHH,ST,11.42,11.45,11.43,21.17,19.64,20.23,14.01,52.05,38.02
KHEDA,General,0,0,0,1.12,0,0,19.13,20.73,20.07
KHEDA,OBC,1.24,1.33,1.29,8.21,4.22,6.06,35.11,33.87,34.37
KHEDA,SC,3.92,0,1.87,10.26,7,8.48,27.56,31.29,29.65
KHEDA,ST,0,0,0,6.26,1.41,3.42,22.05,29.8,27.04
MAHESANA,General,0.91,0,0.03,2.58,0.88,1.57,9.91,18.49,15.1
MAHESANA,OBC,1.63,1.34,1.47,10.54,3.74,6.78,24.03,28.07,26.53
MAHESANA,SC,2.58,0.16,1.32,4.56,1.47,2.89,23.67,27.25,25.75
MAHESANA,ST,0,2.53,0,8.7,6.95,7.76,21.32,21.1,21.21
MAHISAGAR,General,3.24,0.86,2.01,3.42,3.02,3.2,21.4,19.79,20.49
MAHISAGAR,OBC,0.69,0.49,0.59,3.84,1.38,2.54,24.17,19.22,21.37
MAHISAGAR,SC,0,0,0,0.93,0.08,0.47,18.04,19.54,18.89
MAHISAGAR,ST,1.96,2.08,2.02,5.68,2.66,4.11,16.47,15.88,16.16
MORBI,General,0.48,0.21,0.34,0.37,0,0,7.28,7.92,7.63
MORBI,OBC,2.44,1.53,1.96,17.65,8.56,12.78,28.4,28.5,28.47
MORBI,SC,0.38,0.31,0.34,3.46,5.44,4.54,29.17,30.41,29.88
MORBI,ST,9.67,15.41,13.31,28.34,33.47,31.91,27.03,47.86,42.31
NARMADA,General,2.67,0,1.13,1.81,9.48,5.9,28.21,28.82,28.55
NARMADA,OBC,0,0,0,0.89,0.96,0.93,21.1,32.08,27.42
NARMADA,SC,25,34.06,29.53,22.81,15.73,19.19,27.16,25,25.97
NARMADA,ST,3.04,2.37,2.69,12.7,11.45,12.05,29.55,30.37,29.97
NAVSARI,General,2.69,1.86,2.25,2.08,5,3.68,7.22,18.75,13.67
NAVSARI,OBC,0,0.46,0.21,5.09,3.2,4.09,8.15,17.31,13.17
NAVSARI,SC,0,0,0,0,0,0,14.02,27.79,21.36
NAVSARI,ST,0.69,0.51,0.6,1.11,0,0.17,17.66,26.7,22.37
PANCH MAHALS,General,0,0,0,3.63,0,0.66,17.19,12.54,14.6
PANCH MAHALS,OBC,2.02,1.49,1.74,9.07,7.38,8.18,23.6,23.62,23.61
PANCH MAHALS,SC,1.86,1.58,1.72,7.83,7.99,7.91,22.27,25.04,23.77
PANCH MAHALS,ST,2.39,2.62,2.51,14,14.33,14.17,21.1,24.1,22.68
PATAN,General,4.13,4.72,4.44,9.8,5.44,7.37,13.11,20.35,17.42
PATAN,OBC,1.33,0.91,1.11,17.96,8.01,12.58,30.21,28.77,29.29
PATAN,SC,1.07,0.63,0.84,8.13,6.98,7.51,25.15,29.59,27.74
PATAN,ST,26.01,19.17,22.51,34.32,23.14,27.73,56.67,55.95,56.2
PORBANDAR,General,8.93,5.54,7.12,1.13,0,0,9.64,26.38,19.84
PORBANDAR,OBC,4.95,3.45,4.18,12.07,12.87,12.5,28.85,35.84,32.59
PORBANDAR,SC,0,0,0,4.3,0,1.05,23.97,32.53,28.16
PORBANDAR,ST,0,0,0,0,0,0,3.81,0,0
RAJKOT,General,1.22,0,0.5,1.62,0,0.55,2.8,6.72,5.1
RAJKOT,OBC,2.56,1.63,2.07,9.72,2.39,5.71,16.51,19.38,18.25
RAJKOT,SC,1.19,0,0.27,6.45,0.47,3.27,22.7,29.14,26.24
RAJKOT,ST,8.71,4.6,6.23,18.68,4.32,9.8,12.37,33.83,26.71
SABAR KANTHA,General,0,0,0,0,0,0,6.25,13.58,10.54
SABAR KANTHA,OBC,2.72,2.5,2.61,8.39,5.63,6.89,26.09,24.77,25.31
SABAR KANTHA,SC,2.82,3.17,3.01,4.86,3.38,4.06,18.16,21.84,20.27
SABAR KANTHA,ST,6.53,6.22,6.37,15.75,14.02,14.83,24.46,22.09,23.2
SURAT,General,0,0,0,3.38,1.71,2.43,8.4,11.92,10.47
SURAT,OBC,1.49,2.06,1.8,6.85,3.2,4.83,17.35,20.48,19.19
SURAT,SC,0.61,0,0,10.66,2.74,6.51,23.9,32.11,28.62
SURAT,ST,4.42,4.07,4.24,11.02,9.7,10.34,19.99,28.33,24.38
SURENDRANAGAR,General,0,0,0,0,0,0,10.41,14.56,12.86
SURENDRANAGAR,OBC,5.38,6.53,5.98,20.68,15.56,17.93,26.43,26.32,26.36
SURENDRANAGAR,SC,0,0,0,3.9,0.93,2.33,27.84,29.13,28.58
SURENDRANAGAR,ST,9.01,6.08,7.31,40.92,29.25,33.9,22.12,41.37,36.82
TAPI,General,13.29,15.05,14.22,17.68,18.61,18.16,30.29,31.76,31.09
TAPI,OBC,4.87,0.84,2.75,5.19,6.4,5.83,14.62,24.86,20.3
TAPI,SC,0,0,0,0,0,0,44.49,50.37,47.69
TAPI,ST,1.42,0.89,1.15,9.12,9.92,9.52,17.44,22.52,19.93
THE DANGS,General,0,0,0,4.76,34.67,21.01,26.93,25,25.8
THE DANGS,OBC,2.15,7.05,4.75,15.45,15.58,15.51,10.17,33.33,23.57
THE DANGS,SC,29.21,21.13,25.62,27.5,7.84,16.48,21.74,57.89,38.1
THE DANGS,ST,6.59,6.32,6.45,16.53,18.79,17.69,22.15,21.56,21.87
VADODARA,General,2.85,2.81,2.83,6.74,3.91,5.18,13.92,21.23,18.16
VADODARA,OBC,0,0,0,7.76,1.61,4.44,26.82,32.7,30.34
VADODARA,SC,0,0,0,2.48,0.73,1.53,19.02,31.65,26.31
VADODARA,ST,3.72,1.17,2.38,16.35,10.54,13.19,33.19,35.99,34.86
VALSAD,General,0.1,0,0,0.9,0,0,6.92,8.56,7.84
VALSAD,OBC,3.08,1.55,2.27,3.77,5.22,4.55,8.49,11.21,9.98
VALSAD,SC,10.6,15.19,13.09,11.26,6.67,8.75,12.54,29.25,21.85
VALSAD,ST,2.89,2.42,2.65,9.44,10.69,10.07,20.75,25.1,22.98
AHMEDABAD,General,0,0,0,0,0,0,0,1.5,0.42
AHMEDABAD,OBC,18.12,18.26,18.19,26.75,19.81,22.98,35.95,39.83,38.35
AHMEDABAD,SC,29.82,31.54,30.73,32.24,30.31,31.19,43.15,46.01,44.78
AHMEDABAD,ST,37.77,37.4,37.56,44.35,43.83,44.06,46.52,52.05,49.82
AMRELI,General,1.88,3.37,2.71,2.93,8.77,6.21,19.12,20.19,19.7
AMRELI,OBC,3.81,3.39,3.58,14.36,7.91,10.94,31.48,33.41,32.62
AMRELI,SC,4.23,5.93,5.11,7.94,5.5,6.69,24.98,30.86,28.07
AMRELI,ST,14.81,12.33,13.24,0,0,0,11.11,8.96,9.68
ANAND,General,0,0.14,0,1.27,0,0,10.09,20.82,16.22
ANAND,OBC,0.5,0.85,0.69,9.84,5.45,7.48,34.4,37.49,36.28
ANAND,SC,4.94,8.1,6.63,10.05,12.08,11.13,20.04,30.06,25.66
ANAND,ST,7.61,7.49,7.54,7.13,8.69,8.04,21.48,26.28,24.29
ARAVALLI,General,3.36,4.09,3.76,11.47,5.03,7.8,11.14,11.85,11.56
ARAVALLI,OBC,0,1.18,0.53,6.07,3.74,4.84,28.96,30.47,29.83
ARAVALLI,SC,0,2.52,0.7,0,0,0,7.73,11.88,10.13
ARAVALLI,ST,1.14,2.8,2,4.06,1.89,2.89,22.53,28.89,26.02
BANAS KANTHA,General,0.73,2.23,1.53,11.39,3.4,7.11,22.09,19.72,20.64
BANAS KANTHA,OBC,4.53,3.92,4.21,19.68,11.08,14.91,28.05,29.06,28.72
BANAS KANTHA,SC,2.76,2.33,2.54,18.97,10.93,14.71,29.54,28.72,29.03
BANAS KANTHA,ST,6.89,7.26,7.08,18.54,18.11,18.31,21.71,30.27,26.49
BHARUCH,General,3,3.04,3.02,8.56,6.17,7.29,19.63,27.59,24.13
BHARUCH,OBC,1.99,1.97,1.98,9.46,5.08,7.16,17.21,30.89,25.1
BHARUCH,SC,0,0,0,2.45,5.36,3.98,21.12,29.91,25.92
BHARUCH,ST,1.45,1.11,1.27,11.83,7.91,9.8,27.97,34.04,31.3
BHAVNAGAR,General,5.94,5.73,5.82,8.25,10.31,9.42,15.65,24.04,20.55
BHAVNAGAR,OBC,4.3,4.51,4.4,14.4,9.93,12.03,24.16,25.93,25.22
BHAVNAGAR,SC,6.9,6.01,6.43,13.16,10.41,11.72,28.1,29.1,28.67
BHAVNAGAR,ST,25.49,20.64,22.61,31.01,24.12,27,18.42,24.53,21.98
BOTAD,General,1.93,1.82,1.87,6.72,0,0,13.46,12.87,13.09
BOTAD,OBC,1.37,1.65,1.52,13.55,4.17,8.58,32.35,26.97,29.02
BOTAD,SC,1.02,2.82,1.96,6.34,10.29,8.41,28.95,25.86,27.24
BOTAD,ST,7.14,5.36,6.1,11.33,9.29,9.94,24.49,19.72,20.94
CHHOTAUDEPUR,General,0,0,0,0.1,0,0,6.48,16.31,11.89
CHHOTAUDEPUR,OBC,6.91,5.1,5.96,3.72,3.26,3.48,26.97,30.36,28.77
CHHOTAUDEPUR,SC,0,2.07,0,7.95,19.11,14.14,0,13.64,0
CHHOTAUDEPUR,ST,4.67,4.49,4.58,11.49,11.02,11.25,28.77,35.34,32.22
DEVBHOOMI DWARKA,General,2.75,7.61,5.4,14.71,7.66,10.9,30.18,32.61,31.67
DEVBHOOMI DWARKA,OBC,2.58,2.28,2.43,14.71,8.62,11.53,27.54,34.02,31.35
DEVBHOOMI DWARKA,SC,1.04,0.09,0.55,19.7,10.58,14.99,39.57,50.83,45.73
DEVBHOOMI DWARKA,ST,19.94,27.21,23.99,33.52,28.85,30.73,21.36,42.18,32.91
DOHAD,General,7.81,11.39,9.81,3.7,1.21,2.39,25.86,26.86,26.42
DOHAD,OBC,3.54,6.31,4.99,5.29,6.45,5.9,27.72,29.01,28.4
DOHAD,SC,0,3.61,0.32,0,4.35,0,17.04,10.62,13.76
DOHAD,ST,2.02,4.96,3.55,5.94,8.3,7.18,26.34,28.12,27.31
GANDHINAGAR,General,0,2.51,0.73,0,0,0,0,8.54,4.87
GANDHINAGAR,OBC,0.36,0.01,0.17,10.9,3.59,6.91,26.72,29.22,28.28
GANDHINAGAR,SC,0.91,0.23,0.55,0,0,0,16.52,20.67,18.89
GANDHINAGAR,ST,0,0,0,0,0,0,10.35,8.05,8.95
GIR SOMNATH,General,1.48,4.5,3.06,13.65,3.86,8.44,21.37,19.77,20.43
GIR SOMNATH,OBC,2.1,2.18,2.14,11.47,8.3,9.83,24.09,26.66,25.51
GIR SOMNATH,SC,1.89,0,0.8,11.67,8.48,10.03,13.08,17.23,15.27
GIR SOMNATH,ST,0,3.85,1.58,0,0,0,3.93,5.75,5
JAMNAGAR,General,2.3,3.79,3.12,0,0,0,15.26,23.58,19.8
JAMNAGAR,OBC,3.19,2.6,2.88,13.25,6.57,9.79,18.36,31.11,25.64
JAMNAGAR,SC,9.68,9.33,9.5,13.3,7.11,10.18,29.97,36.85,33.79
JAMNAGAR,ST,14.84,19.4,17.69,10.74,20.68,17.12,21.54,38.03,31.86
JUNAGADH,General,1.85,2.2,2.05,1.37,0.27,0.74,6.93,13.32,10.86
JUNAGADH,OBC,2.45,1.82,2.12,6.66,2.36,4.37,18.95,17.64,18.22
JUNAGADH,SC,2.78,2.04,2.39,0,0,0,15.92,21.67,19.02
JUNAGADH,ST,0,0,0,0,0,0,0,5.84,0
KACHCHH,General,0.05,1.21,0.66,12.58,4.35,8.19,19.29,26.37,23.38
KACHCHH,OBC,6.94,6.32,6.62,27.29,19.75,23.19,29.87,44.06,38.69
KACHCHH,SC,3.22,4.17,3.72,14.77,9.51,12.07,27.59,43.43,36.84
KACHCHH,ST,10.44,10.12,10.26,20.61,20,20.24,31.97,34.34,33.33
KHEDA,General,0,0,0,1.83,0,0,20.36,24.34,22.69
KHEDA,OBC,1.81,1.68,1.74,8.96,3.88,6.24,36.23,33.49,34.6
KHEDA,SC,0,1.25,0.6,8.34,11.18,9.91,15.35,24.14,20.26
KHEDA,ST,0,3.2,0.28,3.28,9.49,6.95,19.49,36.42,30.27
MAHESANA,General,0,1,0.36,1.13,2.47,1.91,10.92,20.94,16.93
MAHESANA,OBC,1.67,1.66,1.67,12.38,4.89,8.29,24.39,29.34,27.44
MAHESANA,SC,5.91,4.6,5.22,7.99,3.82,5.76,19.94,25.02,22.86
MAHESANA,ST,0,0,0,5.19,0,2.34,26.64,27.48,27.09
MAHISAGAR,General,0,1.02,0,4.75,3.32,4.01,27.14,29.67,28.57
MAHISAGAR,OBC,1.99,1.64,1.81,6.24,3.53,4.82,31.43,27.52,29.21
MAHISAGAR,SC,0,1.16,0,0,0,0,17.86,24.13,21.25
MAHISAGAR,ST,2.04,2.4,2.22,6.85,7.14,7,29.47,33.62,31.72
MORBI,General,0,0,0,1.41,0,0,8.35,11.59,10.2
MORBI,OBC,1.91,2.77,2.36,13.97,8.32,10.92,24.81,29.85,27.93
MORBI,SC,0,1.47,0,4.58,1.17,2.77,23.28,27.07,25.42
MORBI,ST,12.65,8.44,10.05,10.97,13.93,12.88,14.78,10,11.43
NARMADA,General,4.72,6.55,5.73,8.54,2.84,5.63,27.69,23.63,25.5
NARMADA,OBC,0,2.39,0,4.66,8.19,6.53,18.64,30.24,25.15
NARMADA,SC,0,0,0,0,0,0,16.18,36.54,28.49
NARMADA,ST,1.66,1.75,1.71,9.76,9.48,9.62,24.76,30.54,27.76
NAVSARI,General,2.39,1.14,1.71,0.83,0,0,9.33,14.1,11.92
NAVSARI,OBC,2.37,3.03,2.72,5.27,3.08,4.1,10.77,19.97,15.81
NAVSARI,SC,0,0,0,0,0,0,13.27,24.76,19.12
NAVSARI,ST,0.66,0.86,0.77,1.03,0,0.4,18.52,28.5,23.77
PANCH MAHALS,General,0.2,1.58,0.95,1.47,2.06,1.8,17.57,23.77,21.15
PANCH MAHALS,OBC,0.08,0.7,0.4,8.95,4.97,6.89,31.86,32.46,32.19
PANCH MAHALS,SC,3.75,0,1.06,7.32,3.65,5.38,18.62,18.26,18.43
PANCH MAHALS,ST,1.87,2.9,2.4,14.62,13.72,14.15,32.43,34.72,33.63
PATAN,General,0,0,0,6.2,1.63,3.68,16.52,22.09,19.77
PATAN,OBC,2.45,2.49,2.47,17.34,8.16,12.37,32.12,30.86,31.31
PATAN,SC,4.32,4.82,4.58,13.95,13.85,13.9,29.49,30.75,30.18
PATAN,ST,0,0,0,5.88,0,0,32.75,35.25,34.45
PORBANDAR,General,9.55,12.21,10.99,5.37,9.92,7.93,19.4,30.09,25.63
PORBANDAR,OBC,1.94,4.94,3.52,10.72,9.05,9.85,25.53,35.96,31.13
PORBANDAR,SC,4.93,4.59,4.76,5.56,7.14,6.38,23.21,37.87,30.33
PORBANDAR,ST,0,0,0,0,0,0,0,23.66,12.52
RAJKOT,General,0.24,1.97,1.22,0,0,0,0,10.72,5.9
RAJKOT,OBC,3.19,3.24,3.22,10.45,4.86,7.39,21.5,26.2,24.32
RAJKOT,SC,2.9,3.19,3.05,4.52,4.15,4.32,19.37,29.49,24.91
RAJKOT,ST,10.32,11.41,10.99,15.14,10.85,12.45,13.75,17.19,16.02
SABAR KANTHA,General,1.67,3.49,2.68,0.78,3.65,2.41,9.08,16.05,13.16
SABAR KANTHA,OBC,0.7,1.16,0.95,6.95,3.95,5.34,27.22,28.82,28.15
SABAR KANTHA,SC,0,0,0,0,0,0,13.71,16.55,15.29
SABAR KANTHA,ST,5.34,6.94,6.17,14.89,14.04,14.44,27.89,33.1,30.74
SURAT,General,0,0,0,0,0.23,0.08,10.49,15.53,13.42
SURAT,OBC,4.68,4.18,4.41,10.33,7.68,8.87,15.92,19.78,18.17
SURAT,SC,0,0.06,0,5.38,7.05,6.28,20.46,28.51,24.98
SURAT,ST,0,2.62,0.99,7.89,10.07,9.02,22.32,30.68,26.69
SURENDRANAGAR,General,0,0,0,1.38,2.92,2.26,10.47,15.04,13.08
SURENDRANAGAR,OBC,2.72,2.97,2.85,19.25,11.9,15.32,30.09,30.34,30.25
SURENDRANAGAR,SC,1.35,1.79,1.58,10.67,9.95,10.3,23.39,25.66,24.67
SURENDRANAGAR,ST,11.47,3.5,6.81,26.5,15.27,19.46,19.33,16.88,17.69
TAPI,General,0,0.58,0,9.34,0.26,4.76,19.02,29.88,24.93
TAPI,OBC,5.18,0,2.32,2.43,4,3.29,14.56,16.35,15.49
TAPI,SC,0,0,0,0,3.49,0,9.09,9.29,9.2
TAPI,ST,0.32,1.65,1,8.35,12.09,10.25,20.41,29.86,25.05
THE DANGS,General,0,0,0,0,0,0,0,0,0
THE DANGS,OBC,0.35,11.01,6.18,14.42,13.86,14.15,25.64,29.41,27.4
THE DANGS,SC,0,0,0,0,0,0,0,0,0
THE DANGS,ST,5.44,5.15,5.29,13.4,16.6,15.04,21.89,24.46,23.14
VADODARA,General,0,0,0,0,0,0,10.77,17.7,14.78
VADODARA,OBC,5.38,6.45,5.95,13.29,10.24,11.63,24.98,32.33,29.33
VADODARA,SC,8.14,7.45,7.77,10.33,8.2,9.19,22.94,37.11,30.93
VADODARA,ST,4.36,4.99,4.69,14.03,12.39,13.14,34.93,34.2,34.49
VALSAD,General,3.46,5.6,4.65,8.99,11.71,10.53,11.02,19.21,15.7
VALSAD,OBC,0,0,0,0,0,0,8.22,11.38,9.93
VALSAD,SC,0,0,0,0,2.65,0,4.34,11.08,7.83
VALSAD,ST,1.66,2.73,2.2,7.65,7.69,7.67,23.54,28.95,26.28
AHMEDABAD,General,9.23,12.54,11.02,12,12.73,12.4,12.77,21.93,18.05
AHMEDABAD,OBC,0,0,0,0.43,0,0,16.72,24.65,21.6
AHMEDABAD,SC,0,0,0,0,0,0,0.1,6.52,3.81
AHMEDABAD,ST,0,0,0,0,0,0,3.76,2.62,3.11
AMRELI,General,4.71,4.5,4.59,0.72,3.97,2.51,25.1,3.53,13.52
AMRELI,OBC,0,0.78,0.4,10.79,4.29,7.36,31.82,35.17,33.79
AMRELI,SC,1.86,0.38,1.1,4.66,0,2.13,29.82,31.82,30.89
AMRELI,ST,11.6,8.2,9.44,22.35,17.11,19.15,42.62,52.33,49.09
ANAND,General,0,0,0,0,0.62,0.3,21.55,20.97,21.22
ANAND,OBC,1.16,1.71,1.45,10.52,2.46,6.27,33.64,37.04,35.67
ANAND,SC,0.37,0.43,0.41,2.21,0,0,7.65,18.49,13.68
ANAND,ST,0,0,0,0,0,0,2.02,8.55,5.8
ARAVALLI,General,0,0,0,0,0,0,6.53,14.7,11.56
ARAVALLI,OBC,1.47,1.83,1.65,6.65,4.19,5.35,23.07,24.9,24.1
ARAVALLI,SC,0,0,0,4.66,3.35,3.98,16.97,22.21,19.92
ARAVALLI,ST,1.99,0,0.94,1.16,0,0.27,14.61,21.36,18.27
BANAS KANTHA,General,5.76,6.15,5.96,15.42,9.59,12.29,23.89,28.41,26.64
BANAS KANTHA,OBC,0.34,0,0,13.61,4.09,8.38,22.73,27.34,25.69
BANAS KANTHA,SC,2.05,2.28,2.17,12.95,4.16,8.32,25.9,26.87,26.49
BANAS KANTHA,ST,3.46,3.33,3.4,13.67,13.78,13.73,24.89,29.07,27.17
BHARUCH,General,0.84,2.06,1.48,1.63,0.7,1.14,16.92,28.01,23.11
BHARUCH,OBC,0.7,0,0,3.81,0,1.39,19.25,34.76,27.94
BHARUCH,SC,4.01,1.35,2.62,5.22,0,1.98,17.64,29.42,24.01
BHARUCH,ST,0,0.04,0.02,9.67,5.47,7.49,30.26,40.15,35.74
BHAVNAGAR,General,0,0,0,0,0,0,0,12.99,5.9
BHAVNAGAR,OBC,2.91,3.81,3.38,11.52,5.82,8.51,26.65,28.79,27.9
BHAVNAGAR,SC,14.92,15.92,15.44,16.03,18.94,17.56,35.01,43.56,39.67
BHAVNAGAR,ST,7.9,10.61,9.53,26.08,20.07,22.43,51.19,38.08,43.7
BOTAD,General,0,0,0,7.05,0,1.31,21.41,24.71,23.59
BOTAD,OBC,1.46,1.06,1.26,10.86,2.2,6.26,29.2,29.5,29.38
BOTAD,SC,0.5,0,0,10.97,0,3.63,32.85,32.85,32.84
BOTAD,ST,0,0,0,10.27,0,1.01,21.54,4.33,8.8
CHHOTAUDEPUR,General,3.33,6.28,4.91,1.68,0,0,12.07,25.7,19.67
CHHOTAUDEPUR,OBC,0,0,0,6.27,1.45,3.75,28.12,31.17,29.78
CHHOTAUDEPUR,SC,6,4.11,5.07,17.2,13.13,15.06,32.26,24.23,27.92
CHHOTAUDEPUR,ST,5.03,6.18,5.63,11.88,11.25,11.55,30.03,37.43,33.86
DEVBHOOMI DWARKA,General,1.23,2.37,1.83,12.15,4.24,7.92,25.7,31.43,29.23
DEVBHOOMI DWARKA,OBC,1.9,1.77,1.83,12.52,9.33,10.85,30.86,36.98,34.42
DEVBHOOMI DWARKA,SC,0.45,2.72,1.6,12.53,7.06,9.64,23.16,49.34,38.07
DEVBHOOMI DWARKA,ST,0,0,0,0,0,0,50.53,39.05,44.5
DOHAD,General,0,0,0,0,6.84,2.55,19.01,27.27,23.58
DOHAD,OBC,0,0,0,7.46,5.19,6.28,31.53,34.86,33.27
DOHAD,SC,0,0,0,10.67,8.76,9.69,53.18,47.98,50.5
DOHAD,ST,4.53,5.72,5.14,8.25,8.18,8.21,27.15,28.73,27.97
GANDHINAGAR,General,0,0,0,0,0,0,7.62,8.94,8.43
GANDHINAGAR,OBC,1.64,0.61,1.09,9.23,1.51,5.04,22.88,26.7,25.23
GANDHINAGAR,SC,1.06,0,0,0,0,0,4.75,14.66,10.6
GANDHINAGAR,ST,3.56,0,0.11,2.97,0,0,0,9.74,5.88
GIR SOMNATH,General,0.71,0,0,7.91,3.55,5.56,17.14,20.51,19.14
GIR SOMNATH,OBC,2.05,1.68,1.85,10.05,6.26,8.08,23.04,21.23,22.05
GIR SOMNATH,SC,1.51,4.85,3.23,6.96,9.29,8.17,11.27,11.42,11.35
GIR SOMNATH,ST,0,0,0,0,0,0,35.9,3.84,17.96
JAMNAGAR,General,0,0,0,0,0,0,8.57,13.41,11.2
JAMNAGAR,OBC,4.15,5.1,4.65,13.89,8.7,11.17,26.91,37.47,32.92
JAMNAGAR,SC,0,0,0,2.48,0,0,23.78,35.83,30.33
JAMNAGAR,ST,8.11,2,4.37,12.14,7.03,8.89,22.13,23.21,22.78
JUNAGADH,General,3.18,4.15,3.73,3.21,0,0.15,9.03,12.64,11.23
JUNAGADH,OBC,0.15,0.03,0.09,2.85,0,1.26,21,25.97,23.81
JUNAGADH,SC,0,0.74,0.02,0,0,0,22.2,24.48,23.41
JUNAGADH,ST,0,0,0,0,0,0,28.73,20.88,24.46
KACHCHH,General,1.1,0.79,0.93,7.76,4.93,6.24,21.64,34.27,28.95
KACHCHH,OBC,1.83,1.3,1.55,18.5,9.76,13.72,31.3,41.87,37.7
KACHCHH,SC,0.91,0,0,8.94,2.05,5.34,31.12,41.76,36.97
KACHCHH,ST,1.55,5.94,3.98,20.36,2.62,10,28.93,41.8,37.59
KHEDA,General,0,0,0,0,0,0,13.71,16.71,15.45
KHEDA,OBC,0.97,1.41,1.2,8.21,3.11,5.48,35.39,35.78,35.62
KHEDA,SC,2.55,2.48,2.51,8.46,1.68,4.85,24.43,26.95,25.84
KHEDA,ST,7.05,2.29,4.45,23.75,12.47,17.43,34.35,33.66,33.93
MAHESANA,General,1.96,1.46,1.67,1.39,1.99,1.73,14.82,20.76,18.32
MAHESANA,OBC,0.8,0.61,0.7,9.59,2.51,5.74,25.02,33.13,29.99
MAHESANA,SC,0,0,0,1.36,0,0,18.74,25.37,22.56
MAHESANA,ST,0,0,0,1.54,0,0,10.42,26.75,19.91
MAHISAGAR,General,0.39,1.89,1.18,6.58,5.42,5.99,28.85,35.49,32.5
MAHISAGAR,OBC,1.28,0.71,0.99,4.2,1.79,2.95,27.82,28.11,27.99
MAHISAGAR,SC,0,0.65,0,0,7.46,2.9,32.89,27.78,30.3
MAHISAGAR,ST,2.37,2.52,2.45,8.52,5.35,6.89,24.58,27.72,26.24
MORBI,General,0,0,0,0,0,0,7.76,11.63,10
MORBI,OBC,3.6,2.86,3.2,17.48,7.31,12.1,29.06,28.56,28.75
MORBI,SC,1.26,1.81,1.54,6.24,1.33,3.66,24.12,30.18,27.54
MORBI,ST,11.6,8.93,9.94,24.14,20.28,21.7,37.21,46.76,43.9
NARMADA,General,5.27,7.16,6.31,12.09,7.53,9.76,21.55,31.2,26.96
NARMADA,OBC,6.94,8.18,7.58,2.73,4.48,3.61,26.39,20.14,23.03
NARMADA,SC,6.46,25.09,16.12,0,21.25,0.94,0,0,0
NARMADA,ST,1.27,1.23,1.24,9.54,7.98,8.73,23.91,26.55,25.26
NAVSARI,General,0,0,0,0,0,0,12.47,20.59,16.89
NAVSARI,OBC,0.56,0.07,0.31,4.06,2.26,3.11,9,17.86,13.79
NAVSARI,SC,19.68,14.26,16.9,12.5,17.99,15.41,10.86,19.91,15.77
NAVSARI,ST,0.61,0.77,0.69,0,0,0,20.22,30.02,25.39
PANCH MAHALS,General,1.89,0.58,1.17,4.75,5.69,5.26,16.01,21.8,19.33
PANCH MAHALS,OBC,0.01,0.55,0.3,8.48,4.34,6.33,34.6,35.31,35
PANCH MAHALS,SC,0,0,0,4.03,4.97,4.52,30.24,32.08,31.26
PANCH MAHALS,ST,3.12,3.18,3.15,14.94,12.99,13.93,26.02,32.35,29.37
PATAN,General,0,0,0,5.22,4.81,4.99,13.63,18.39,16.47
PATAN,OBC,2.2,1.48,1.82,14.47,5.49,9.63,28.45,34.05,32.02
PATAN,SC,0,0,0,6.72,3.66,5.13,25.96,26.62,26.33
PATAN,ST,16.09,7.35,11.53,23.65,20.36,21.74,14.6,18.06,16.93
PORBANDAR,General,0,0,0,0,0,0,12.9,20.97,17.65
PORBANDAR,OBC,2.58,3.25,2.93,11,9.13,10.03,23.26,33.01,28.46
PORBANDAR,SC,1.35,2.86,2.13,0,2.37,0.29,25.32,31.64,28.26
PORBANDAR,ST,0,0,0,0,0,0,23.6,32.17,29.01
RAJKOT,General,1.08,0,0.22,0,0,0,5.32,7.72,6.71
RAJKOT,OBC,2.19,2.66,2.44,8.33,3.08,5.48,17.5,23.56,21.11
RAJKOT,SC,0,0,0,1.46,0,0.13,21.66,29.83,26.08
RAJKOT,ST,0,1.14,0.33,0,2.72,1.06,22.55,31.5,28.52
SABAR KANTHA,General,2.46,1.66,2.02,1.62,2.81,2.27,10.64,21.9,17.19
SABAR KANTHA,OBC,0.28,0.08,0.18,6.85,2.56,4.58,24.75,23.19,23.85
SABAR KANTHA,SC,7.16,5.28,6.18,11.01,6.44,8.58,19.38,21.05,20.28
SABAR KANTHA,ST,4.04,4.22,4.13,14.5,14.83,14.67,21.08,26.26,23.84
SURAT,General,0,0,0,0,0,0,9.74,12.02,11.04
SURAT,OBC,0,0,0,1.64,0.59,1.07,13.97,21.27,18.22
SURAT,SC,4.15,2.6,3.34,12.13,13.45,12.83,13.85,17.8,16.01
SURAT,ST,1.17,0,0.08,6.87,3.37,5.1,15.68,24.41,20.21
SURENDRANAGAR,General,2.71,2.52,2.61,2.26,3.95,3.19,9.63,16.42,13.52
SURENDRANAGAR,OBC,2.78,1.92,2.33,16.26,9.47,12.65,26.76,29.58,28.47
SURENDRANAGAR,SC,0.31,1.88,1.13,6.73,2.63,4.64,21.63,27.85,25.11
SURENDRANAGAR,ST,4.16,4.24,4.2,24.34,19.15,21.05,38.62,18.01,24.5
TAPI,General,4.55,1.11,2.76,6.21,4.46,5.28,24.24,29.58,26.96
TAPI,OBC,0,0,0,0.99,5.08,3.21,16.42,25.52,21.38
TAPI,SC,0,0,0,11.4,0,2.82,39.14,51.19,45.44
TAPI,ST,0,0.4,0.19,8.08,9.38,8.73,18.7,27.77,23.1
THE DANGS,General,35.29,6.98,21.51,41.67,54.81,48.5,45.16,58.22,52.48
THE DANGS,OBC,0,0.33,0,11.4,4.3,7.92,22.62,33.33,27.57
THE DANGS,SC,69.63,62.11,65.88,53.52,53.16,53.33,64.51,78.08,74.04
THE DANGS,ST,2.85,3.16,3.01,10.57,11.42,11,21.8,25.28,23.5
VADODARA,General,0,0,0,3.06,0.44,1.64,18.54,28.89,24.48
VADODARA,OBC,2.66,2.17,2.4,9.34,3.27,6.1,25.35,36.72,31.99
VADODARA,SC,5.63,3.37,4.42,2.41,0,0.84,21.26,33.39,27.94
VADODARA,ST,3.19,2.12,2.63,13.09,7.92,10.29,33.44,42.21,38.44
VALSAD,General,1.91,0.5,1.13,4.02,1.93,2.88,19.51,23.81,21.93
VALSAD,OBC,0,0.36,0,0.24,1.72,1.04,8.67,21.27,15.55
VALSAD,SC,0,0,0,0,0,0,14.01,28.52,21.94
VALSAD,ST,1.71,2.2,1.96,7.17,7.48,7.33,23.47,30.61,27.08
AHMEDABAD,General,11.71,8.53,10.02,11.43,10.01,10.67,20.7,22.58,21.75
AHMEDABAD,OBC,0,0,0,5.25,0,1.5,19.53,22.17,21.12
AHMEDABAD,SC,0,0,0,0,0,0,10.92,18.73,15.44
AHMEDABAD,ST,0,0,0,0,0,0,0,3.57,0
AMRELI,General,0,0,0,2.72,0.12,1.32,15.48,25.07,21.04
AMRELI,OBC,1.81,1.56,1.68,8.02,4.37,6.11,27.5,33.4,30.95
AMRELI,SC,0,0,0,0,2.25,0,16.37,28.2,22.75
AMRELI,ST,3.46,4.83,4.35,6.95,14.18,11.58,28.49,43.37,37.69
ANAND,General,1.95,0,0.42,4.62,3.9,4.24,20.22,27.96,24.72
ANAND,OBC,0,1.02,0.5,6.62,1.73,4.05,28.17,28.7,28.48
ANAND,SC,0,0,0,1.25,0,0,20.23,25.74,23.22
ANAND,ST,6.23,8.06,7.24,10.35,15.52,13.36,15.09,27.66,22.49
ARAVALLI,General,0,0,0,0.94,0,0,11.92,18.4,15.84
ARAVALLI,OBC,0.69,0,0.26,3.17,2.6,2.87,19.21,24.72,22.29
ARAVALLI,SC,2.25,2.16,2.21,0,0,0,15.18,16.7,16
ARAVALLI,ST,0.06,0,0,0,0,0,18.31,19.98,19.22
BANAS KANTHA,General,0.41,0.26,0.33,9.43,4.07,6.59,18.1,16.89,17.38
BANAS KANTHA,OBC,0.02,0.16,0.1,9.43,4.74,6.89,19.82,21.64,20.97
BANAS KANTHA,SC,1.09,0.53,0.8,6.4,2.62,4.42,17.62,20.97,19.65
BANAS KANTHA,ST,0.93,1.42,1.19,8.8,7.87,8.31,17.26,21.01,19.33
BHARUCH,General,1.82,0,0.58,2.16,1.94,2.05,16.79,24.43,20.97
BHARUCH,OBC,0,0.85,0.36,4.8,0.95,2.78,21.61,31.62,27.19
BHARUCH,SC,0,0,0,0,1.15,0.2,18.59,27.34,23.4
BHARUCH,ST,1.69,1.18,1.43,7.28,6.12,6.68,29.29,37.35,33.74
BHAVNAGAR,General,18.72,8.25,13.22,15.78,5.32,10.33,21.06,12.05,16.22
BHAVNAGAR,OBC,0,0,0,2.41,0.62,1.47,25.63,26.9,26.37
BHAVNAGAR,SC,0,0,0,0,0,0,10.88,13.38,12.2
BHAVNAGAR,ST,0,0,0,0,0,0,0,0,0
BOTAD,General,0,0,0,0,0,0,9.76,25.51,20.1
BOTAD,OBC,0.48,0,0.06,8.48,2.35,5.22,28.31,24.97,26.32
BOTAD,SC,0.67,1.74,1.23,1.54,3.27,2.46,24.76,27.22,26.15
BOTAD,ST,14.13,8.84,11.07,29.59,24.93,26.52,19.75,15.88,16.88
CHHOTAUDEPUR,General,6.3,5.91,6.1,3.67,0,1.67,19.84,24.26,22.25
CHHOTAUDEPUR,OBC,4.62,4.38,4.5,10.18,7.35,8.7,22.21,30.24,26.69
CHHOTAUDEPUR,SC,7.85,2.94,5.41,0,0,0,29.47,38.56,34.64
CHHOTAUDEPUR,ST,0,0.05,0,7.51,7.27,7.39,26.25,31.74,29.12
DEVBHOOMI DWARKA,General,2.14,0.16,1.09,5.82,0.99,3.26,20.84,25.73,23.81
DEVBHOOMI DWARKA,OBC,0,0,0,9.09,4.64,6.77,24.69,31.32,28.46
DEVBHOOMI DWARKA,SC,0,0.57,0,7.03,9.08,8.1,29.46,29.91,29.7
DEVBHOOMI DWARKA,ST,6.17,1.9,3.76,0,0,0,29.81,27.1,28.19
DOHAD,General,2.27,0,0,0,0,0,17.75,13.52,15.54
DOHAD,OBC,0.55,1.27,0.93,3.19,2.98,3.08,22.1,21.65,21.85
DOHAD,SC,25.98,24.44,25.18,28.08,27.29,27.67,13.48,18.21,16.1
DOHAD,ST,0,0,0,0,0,0,28.12,29.87,29.02
GANDHINAGAR,General,2.65,0,0.39,3.59,0.6,1.89,2.82,9.56,6.93
GANDHINAGAR,OBC,0.54,1.18,0.88,5.35,3.42,4.31,21.8,23.73,22.97
GANDHINAGAR,SC,0,1.8,0.86,3.23,0,0.43,11.6,18.22,15.44
GANDHINAGAR,ST,0,0.89,0,0,3.17,0,15.04,12.37,13.43
GIR SOMNATH,General,0,0.71,0,1.66,0,0,17.49,22.16,20.21
GIR SOMNATH,OBC,0.42,0.09,0.25,6.66,5.61,6.11,26.74,30.52,28.83
GIR SOMNATH,SC,0,0,0,0,0,0,15.88,24.41,20.43
GIR SOMNATH,ST,7.52,9.68,8.71,8.51,0,0.78,9.7,27.94,21.05
JAMNAGAR,General,6.23,3.95,4.97,5.08,5.65,5.4,17.8,21.6,19.83
JAMNAGAR,OBC,0,0.65,0.29,8.88,7.65,8.23,27.18,35.11,31.65
JAMNAGAR,SC,7.52,3.23,5.31,15.2,9.37,12.21,35.04,42.84,39.34
JAMNAGAR,ST,6.87,8.07,7.62,21.05,25.15,23.68,30.28,31.74,31.22
JUNAGADH,General,0.26,0.17,0.21,2.25,0,0.84,10.64,20.83,16.89
JUNAGADH,OBC,0.16,0.49,0.33,3.06,2.97,3.01,25.76,34,30.4
JUNAGADH,SC,0,0.82,0.25,0.42,0.26,0.34,26.45,37.18,32.22
JUNAGADH,ST,1.73,1.12,1.4,0,3.8,1.91,32.41,35.73,34.33
KACHCHH,General,0.33,1.45,0.93,8.11,3.47,5.66,20.17,25.59,23.24
KACHCHH,OBC,1.33,1.66,1.5,11.7,9.7,10.61,23.82,32.39,29.04
KACHCHH,SC,0.38,0.74,0.56,7.65,6.25,6.91,24.97,32.76,29.26
KACHCHH,ST,4.1,4.17,4.14,10.13,17.16,14.27,20.88,45.48,37.53
KHEDA,General,0,0.42,0.19,1.87,2.03,1.96,15.33,18.88,17.41
KHEDA,OBC,0.37,0,0.03,4.28,1.93,3.04,27.63,28.61,28.21
KHEDA,SC,0,0,0,0.7,2.54,1.69,6.71,21.48,15.21
KHEDA,ST,3.48,6.22,4.99,5.39,2.09,3.44,20.14,23.17,21.98
MAHESANA,General,0,0.05,0,2.28,0,0.61,7.32,16.37,12.69
MAHESANA,OBC,0,0,0,4.49,0.86,2.55,21.86,27.13,25.05
MAHESANA,SC,0,0.12,0,1.98,0,0,17.12,21.58,19.66
MAHESANA,ST,6.18,5.48,5.79,6.07,9.05,7.7,17.4,28.57,23.59
MAHISAGAR,General,9.5,8.06,8.74,8.15,5.13,6.61,20.03,21.31,20.73
MAHISAGAR,OBC,0,0,0,0,0.65,0,21.69,25.6,23.85
MAHISAGAR,SC,4.54,0,2.06,12.34,6.32,9.15,35.84,21.97,28.92
MAHISAGAR,ST,0.13,0.06,0.09,4.02,0.57,2.26,21.83,27.62,24.93
MORBI,General,1.44,2.02,1.75,2.81,2.39,2.58,10.59,17,14.26
MORBI,OBC,1.08,0.61,0.84,11.6,7.45,9.38,25.99,33.48,30.58
MORBI,SC,4.74,5.25,5,7.39,5.72,6.52,26.57,30.27,28.63
MORBI,ST,5.7,9.25,7.89,14.29,17.84,16.6,50.28,44.99,46.7
NARMADA,General,0,0,0,0,0,0,18.04,28.96,24.08
NARMADA,OBC,0,0,0,2.48,3.04,2.76,24.41,30.22,27.44
NARMADA,SC,0,0,0,20.89,0,11.01,17.32,50,35.13
NARMADA,ST,1.33,1.73,1.54,6.77,7.6,7.2,20.6,24.73,22.73
NAVSARI,General,0.49,1,0.76,1.85,3.92,2.96,15.75,18.09,17.02
NAVSARI,OBC,1.39,1.32,1.36,1.14,1.99,1.59,5.33,16.36,11.34
NAVSARI,SC,3.67,9.03,6.57,8.85,5.17,7.02,17.34,27.07,22.79
NAVSARI,ST,0,0,0,0,0,0,19.02,26.67,23
PANCH MAHALS,General,0,2.89,0.79,1.46,0,0.62,22.26,25.37,24.01
PANCH MAHALS,OBC,0.34,0,0.14,3.61,1.66,2.6,24.56,29.48,27.32
PANCH MAHALS,SC,0.52,0.31,0.41,4.58,2.53,3.52,20.16,27.24,24
PANCH MAHALS,ST,0,0,0,2.07,2.91,2.51,25.5,31.53,28.69
PATAN,General,1.93,3.09,2.56,6.01,0.72,3.2,9.99,13.84,12.26
PATAN,OBC,0,0,0,8.07,5.01,6.43,28.07,30.23,29.41
PATAN,SC,0.91,0.21,0.55,6.02,3.2,4.57,20.83,19.91,20.31
PATAN,ST,0,0,0,0,0,0,5.91,30.68,22.26
PORBANDAR,General,2.45,1.3,1.84,0.15,1.79,1.03,13.65,25.38,20.49
PORBANDAR,OBC,1.3,1.73,1.52,6.84,5.67,6.23,23.2,29.89,26.77
PORBANDAR,SC,0.23,0,0,0,0,0,19.87,23.23,21.54
PORBANDAR,ST,3.69,4.32,4.04,8.45,0,1.71,36.57,26.81,30.71
RAJKOT,General,1.57,3.68,2.78,1.23,2.34,1.86,8.82,14.25,12.03
RAJKOT,OBC,0.22,0.62,0.43,4.85,4.38,4.6,22.35,28.91,26.21
RAJKOT,SC,0.92,0.44,0.66,3.4,3.81,3.62,26.16,32.93,29.86
RAJKOT,ST,7.19,6.09,6.54,12.89,9.75,10.96,19.64,32.25,27.78
SABAR KANTHA,General,0,0,0,0,0,0,9.58,12.16,11.05
SABAR KANTHA,OBC,0.29,0.62,0.46,3.15,2.05,2.57,26.24,28.39,27.47
SABAR KANTHA,SC,1.03,0.12,0.55,0.99,0.95,0.97,17.57,23.8,21.05
SABAR KANTHA,ST,0.31,1.32,0.82,7.15,5.92,6.51,26.22,28.07,27.19
SURAT,General,3.45,4.34,3.95,5.7,6.46,6.12,17.57,21.1,19.58
SURAT,OBC,4.09,3.81,3.93,8.55,6.74,7.57,16.2,19.4,18.03
SURAT,SC,6.57,3.69,5.04,12.92,9.27,11,18.63,22.01,20.5
SURAT,ST,0.37,0.53,0.45,5.8,2.81,4.28,19.05,25.02,22.16
SURENDRANAGAR,General,1.01,1.71,1.4,1.25,3.65,2.56,12.92,18.5,16.07
SURENDRANAGAR,OBC,0.83,0.27,0.54,11.67,9,10.25,28.61,27.89,28.18
SURENDRANAGAR,SC,0,0,0,4.37,2.73,3.54,21.07,27.02,24.34
SURENDRANAGAR,ST,0,5.08,0.19,0,7.75,2.77,3.83,32.79,24.14
TAPI,General,0,0.38,0,3.59,6.34,5.05,24.39,19.72,21.9
TAPI,OBC,1.92,0.42,1.15,10.5,6.08,8.17,28.91,34.06,31.72
TAPI,SC,23.75,20.73,22.18,15.77,21.47,19.01,26.32,40.1,33.7
TAPI,ST,0.39,0.93,0.67,6.25,6.82,6.54,23.18,30.6,26.83
THE DANGS,General,7.69,3.03,4.93,0,0,0,2.86,28.21,16.22
THE DANGS,OBC,1.97,0,0,13.89,10.87,12.36,19.51,9.88,14.72
THE DANGS,SC,0,0,0,0,0,0,0,25,9.3
THE DANGS,ST,1.25,1.1,1.17,9.09,9.68,9.39,21.05,26.02,23.51
VADODARA,General,3.49,3.52,3.51,4.26,2.52,3.32,16.48,22.65,19.97
VADODARA,OBC,0,0,0,4.58,1.32,2.85,22.85,32.48,28.45
VADODARA,SC,0,0,0,0,2.28,0.73,19.25,27.26,23.57
VADODARA,ST,0,0,0,7.49,4.16,5.7,29.16,33.18,31.5
VALSAD,General,4.81,5.92,5.42,6.38,3.7,4.91,14.2,20.51,17.72
VALSAD,OBC,3.17,1.68,2.39,3.41,2.8,3.09,13.2,18.43,16.01
VALSAD,SC,5.02,9.5,7.45,0,0,0,26.41,29.92,28.26
VALSAD,ST,0.57,0.66,0.61,7.75,7.32,7.53,22.81,29,25.91
AHMEDABAD,General,0,0,0,0,0,0,8,8.51,8.28
AHMEDABAD,OBC,0,0,0,7.17,4.03,5.49,17.23,20.13,18.96
AHMEDABAD,SC,0,0,0,0,0,0,9.89,14.03,12.21
AHMEDABAD,ST,0,0,0,17.65,15.37,16.39,29.3,25.31,27.06
AMRELI,General,1.07,1.67,1.41,0,2.97,0,0,9.02,1.21
AMRELI,OBC,0,0,0,6.68,5.2,5.9,26.4,25.75,26.03
AMRELI,SC,3.31,1.11,2.19,2.05,0,0.61,17.2,15.36,16.27
AMRELI,ST,0,0,0,13.68,7.23,9.5,33.65,34.37,34.07
ANAND,General,0.53,0,0.23,2.5,0.17,1.25,16.06,19.52,17.98
ANAND,OBC,0,0,0,4.12,0.36,2.17,23.82,26.46,25.38
ANAND,SC,1.71,3.99,2.9,4.11,1.33,2.62,12.2,8.03,9.93
ANAND,ST,0,0,0,0.85,0,0,10.14,22.92,17.46
ARAVALLI,General,1.17,2.53,1.91,4.81,5.08,4.96,7.82,17.43,13.47
ARAVALLI,OBC,0,0,0,1.8,0.77,1.26,16.61,18.38,17.57
ARAVALLI,SC,0,0.1,0,1.94,2.32,2.14,3.75,10.63,7.35
ARAVALLI,ST,1.2,0,0.48,2.04,3.11,2.6,13.36,21.4,17.77
BANAS KANTHA,General,0,0,0,5.07,0.16,2.48,15.37,11.1,12.87
BANAS KANTHA,OBC,0.66,0.13,0.38,12.7,6.93,9.61,20.36,19.6,19.89
BANAS KANTHA,SC,0,0,0,7.67,3.61,5.57,22.15,23.29,22.82
BANAS KANTHA,ST,1.71,2.39,2.06,10.65,12.39,11.56,19.9,26.47,23.49
BHARUCH,General,0,0,0,0.7,1.07,0.89,14.49,23.09,19.12
BHARUCH,OBC,0,0.28,0,4.68,4.86,4.78,17.43,33.62,26.34
BHARUCH,SC,0,1.55,0.18,0,3.12,0,5.49,20.51,13.53
BHARUCH,ST,0,0,0,7.34,4.42,5.83,21.27,31.79,26.93
BHAVNAGAR,General,0,0,0,0,0,0,16.45,7.74,11.54
BHAVNAGAR,OBC,0.07,0.88,0.49,5.68,5.78,5.73,12.09,18.08,15.44
BHAVNAGAR,SC,8.04,9.22,8.66,14.91,13.16,14,28.74,29.16,28.97
BHAVNAGAR,ST,28.98,24.89,26.6,44.56,38.82,41.26,40.25,37.91,38.79
BOTAD,General,0.69,0,0,2.37,0,0,10.26,0,3.51
BOTAD,OBC,0,0,0,7.22,2.84,4.89,27.15,20.75,23.35
BOTAD,SC,0,0.11,0,6.58,0,2.96,19.08,22.58,21.01
BOTAD,ST,2.14,0,0,13.54,15.24,14.61,0,36.53,10.22
CHHOTAUDEPUR,General,6.22,5.02,5.59,12.31,3.93,7.9,27.75,14.13,19.89
CHHOTAUDEPUR,OBC,6.2,9.08,7.72,12.69,15.31,14.08,17.11,29.33,23.9
CHHOTAUDEPUR,SC,0,0,0,40.91,33.33,37,36.24,31.52,33.6
CHHOTAUDEPUR,ST,0,0,0,7.04,6.12,6.57,11.98,14.23,13.15
DEVBHOOMI DWARKA,General,0.68,1.58,1.17,6.24,1.19,3.56,18.97,26.26,23.23
DEVBHOOMI DWARKA,OBC,0.82,0.71,0.76,7.62,6.88,7.23,25.96,28.18,27.2
DEVBHOOMI DWARKA,SC,0,0,0,1.36,3.02,2.21,15.93,35.01,26.52
DEVBHOOMI DWARKA,ST,0,0,0,0,0,0,15.87,38.29,28.9
DOHAD,General,0,4.11,1.48,3.35,6.23,4.92,24.46,31.9,28.48
DOHAD,OBC,3.39,3.53,3.46,8.93,9.16,9.05,27.86,35.11,31.78
DOHAD,SC,0,0,0,0,0,0,10.52,19.18,15.17
DOHAD,ST,0.09,0,0,6.7,6.57,6.63,26.24,24.83,25.52
GANDHINAGAR,General,16.51,18.26,17.5,12.1,13.09,12.67,1.83,7.85,5.38
GANDHINAGAR,OBC,2.01,1.67,1.83,8.05,4.99,6.42,17.27,17.94,17.67
GANDHINAGAR,SC,16.13,11.04,13.42,9.3,6.57,7.8,5.87,15.75,11.48
GANDHINAGAR,ST,14.57,0.47,6.87,20.36,11.78,15.52,3.06,20.3,13.79
GIR SOMNATH,General,0,0,0,6.33,5.83,6.06,19.02,16.12,17.37
GIR SOMNATH,OBC,0,0,0,5.79,6.49,6.15,17.55,19.85,18.79
GIR SOMNATH,SC,1.3,0,0,4.81,4.77,4.79,8.88,9.98,9.44
GIR SOMNATH,ST,0,4.21,1.71,0,0,0,13.88,17.09,15.8
JAMNAGAR,General,0,0,0,0,0,0,3.01,10.03,6.79
JAMNAGAR,OBC,2.36,6.94,4.75,12.82,14.07,13.47,28.75,29.47,29.14
JAMNAGAR,SC,6.64,10.25,8.54,16.95,14.22,15.54,33.58,33.41,33.49
JAMNAGAR,ST,4.96,5.82,5.49,15.39,7.18,10.31,38.4,26.68,30.72
JUNAGADH,General,0.74,1,0.89,0.19,0,0,2.25,11.68,7.81
JUNAGADH,OBC,0.61,0,0.22,4.13,4.04,4.08,15.9,20.5,18.4
JUNAGADH,SC,0.68,0,0.16,2.35,0.52,1.42,11.81,15.42,13.71
JUNAGADH,ST,4.39,3.09,3.67,0,3.45,0,4.75,17.03,11.98
KACHCHH,General,0,0,0,8.77,7.45,8.07,13.77,22.05,18.48
KACHCHH,OBC,0,0,0,12.37,8.8,10.47,26.94,33.29,30.72
KACHCHH,SC,0.31,1.9,1.14,7.46,5.75,6.56,19.97,27.92,24.32
KACHCHH,ST,4.01,5.53,4.82,15.53,11.81,13.46,37.92,45.16,42.28
KHEDA,General,0.19,0,0,6.09,3.68,4.79,14.95,21.34,18.64
KHEDA,OBC,0,0,0,4.76,2.83,3.74,26.93,23.57,25.02
KHEDA,SC,2.58,1.11,1.8,8.24,8.2,8.22,20.69,30.49,26.14
KHEDA,ST,0,0,0,0,0,0,31.76,38.2,35.76
MAHESANA,General,0.38,1.59,1.06,2.13,3,2.62,8.42,20,15.19
MAHESANA,OBC,0,0,0,6.13,2.55,4.22,21.84,27.91,25.42
MAHESANA,SC,0.44,0,0,1.9,0,0.31,11.54,20.49,16.46
MAHESANA,ST,0,2.53,1.36,8.87,6.28,7.45,11.17,13.19,12.27
MAHISAGAR,General,0,0,0,0,0,0,13.82,20.15,17.18
MAHISAGAR,OBC,0,0,0,3.35,0.55,1.91,16.03,15.93,15.97
MAHISAGAR,SC,0,0,0,8.24,10.78,9.59,7.05,18.56,13.49
MAHISAGAR,ST,0,0,0,2.36,1.93,2.14,15.52,18.23,16.96
MORBI,General,0,0,0,0.11,0,0.05,3.45,2.56,2.96
MORBI,OBC,0.59,0.31,0.44,14.38,10.52,12.32,28.62,28.97,28.83
MORBI,SC,0,0,0,3.22,0.98,2.05,21.8,17.71,19.59
MORBI,ST,13.61,6.6,9.41,32.99,22.23,26.08,38.46,44.44,42.47
NARMADA,General,0,0,0,7.58,1.64,4.39,20.23,24.95,22.76
NARMADA,OBC,0,0,0,1.22,0,0.33,19.34,20.13,19.74
NARMADA,SC,0,0,0,0,0,0,55.56,39.29,48.91
NARMADA,ST,3.05,1.21,2.12,5.83,3.74,4.76,16.42,18.87,17.7
NAVSARI,General,0.06,0.58,0.34,0.32,1.56,0.99,6.74,16.74,12.21
NAVSARI,OBC,0.27,0.22,0.24,1.53,1.68,1.61,7.7,10.59,9.25
NAVSARI,SC,0,0,0,2.83,9.89,6.49,12.02,20.57,16.57
NAVSARI,ST,0.66,0,0.28,0,0,0,13.29,19.21,16.35
PANCH MAHALS,General,0,0,0,0.51,2.21,1.41,14.76,18.46,16.8
PANCH MAHALS,OBC,0,0,0,5.27,3.75,4.49,22.15,24.81,23.6
PANCH MAHALS,SC,0,0.62,0.31,4.18,0,1.29,14.67,28.05,21.83
PANCH MAHALS,ST,0,0,0,7.24,6.26,6.74,18.24,26,22.3
PATAN,General,1.98,2.62,2.32,6.07,6.08,6.07,10.48,18.13,14.88
PATAN,OBC,0,0,0,7.69,3.5,5.47,26.41,23.29,24.55
PATAN,SC,1.96,0,0.56,3.24,3.19,3.21,13.39,17.01,15.39
PATAN,ST,0,0,0,11.09,0,4.13,29.96,33.33,32.02
PORBANDAR,General,2.37,0,0,4.18,0,0,6.2,19.28,13.51
PORBANDAR,OBC,0,0.56,0,5.16,6.04,5.62,14.84,20.91,18.08
PORBANDAR,SC,0,3.37,1.75,4.3,18.36,11.54,14.41,21.56,18.05
PORBANDAR,ST,4.76,7.58,6.35,1.32,0,0,9.38,16.87,14.12
RAJKOT,General,0,0,0,0,0,0,0,3.03,0.79
RAJKOT,OBC,2.2,2.38,2.29,9.19,8.04,8.58,18.29,22.81,20.85
RAJKOT,SC,0,0.94,0.26,4.29,4.51,4.41,5.84,18.24,12.48
RAJKOT,ST,0,4.83,2.52,13.38,18.34,16.44,25.19,35.77,31.75
SABAR KANTHA,General,2.22,1.45,1.8,1.17,0,0.13,5.97,13.83,10.38
SABAR KANTHA,OBC,0.03,0,0,3.02,2.35,2.67,19.28,19.51,19.41
SABAR KANTHA,SC,0,0,0,0.04,0,0,8.27,12.17,10.4
SABAR KANTHA,ST,0.77,0.55,0.66,8.73,9.23,8.98,14.27,18.48,16.5
SURAT,General,0.34,1.4,0.93,5.19,6.15,5.72,7.92,11.12,9.71
SURAT,OBC,0,0,0,8.07,5.76,6.83,12.7,14.92,13.96
SURAT,SC,0,0,0,1.2,2.41,1.85,7.34,14.87,11.53
SURAT,ST,0.09,0.48,0.29,7.23,5.49,6.33,14.84,21.3,18.2
SURENDRANAGAR,General,0,0.12,0,0,1.49,0.81,6.32,8.57,7.55
SURENDRANAGAR,OBC,0.27,0,0.13,12.26,6.76,9.38,22.18,22.29,22.24
SURENDRANAGAR,SC,2.47,1.63,2.03,7.44,2.91,5.1,12.72,19.77,16.39
SURENDRANAGAR,ST,0,3.26,0,21.67,24.84,23.47,46.91,37.82,41.15
TAPI,General,0,0,0,1.24,0,0,17.42,14.09,15.59
TAPI,OBC,4.42,3.85,4.13,7.48,5.83,6.6,0.34,20.69,11.99
TAPI,SC,0,0,0,0,0,0,13.19,14.84,14.11
TAPI,ST,1.58,2.23,1.91,6.91,6.29,6.6,10.28,12.91,11.57
THE DANGS,General,0,0,0,0,0,0,0,0,0
THE DANGS,OBC,8.31,5.34,6.73,13.94,0,5.83,15.56,32.69,24.74
THE DANGS,SC,0,0,0,0,0,0,0,0,0
THE DANGS,ST,1.97,2.5,2.24,7.4,6.64,7.01,16.61,20.54,18.56
VADODARA,General,0,0,0,0,0,0,5.81,15.23,11.08
VADODARA,OBC,6.12,5.14,5.6,16.23,12.15,14.05,33.6,39.67,37.06
VADODARA,SC,5.05,6.55,5.87,8.34,10.77,9.66,23.34,36.39,30.33
VADODARA,ST,4.65,2.4,3.47,14.44,12.9,13.61,30.15,39.73,35.71
VALSAD,General,0,0,0,2.27,1.64,1.92,10.61,13.72,12.33
VALSAD,OBC,2.75,1.03,1.85,3.27,4.36,3.85,3.12,6.87,5.13
VALSAD,SC,10.8,11.36,11.1,22.43,17.45,19.8,16.08,26.68,21.75
VALSAD,ST,0.89,1,0.94,5.25,4.38,4.81,14.26,17.35,15.81
