Location,Social Category,primary_Girls,primary_Boys,primary_Overall,upper_Girls,upper_Boys,upper_Overall,second_Girls,second_Boys,second_Overall,Overall Student
AHMEDABAD,General,0,0,0,0,0,0,8,8.51,8.28,24.79
AHMEDABAD,OBC,0,0,0,7.17,4.03,5.49,17.23,20.13,18.96,73.01
AHMEDABAD,SC,0,0,0,0,0,0,9.89,14.03,12.21,36.13
AHMEDABAD,ST,0,0,0,17.65,15.37,16.39,29.3,25.31,27.06,131.08
AMRELI,General,1.07,1.67,1.41,0,2.97,0,0,9.02,1.21,17.35
AMRELI,OBC,0,0,0,6.68,5.2,5.9,26.4,25.75,26.03,95.96
AMRELI,SC,3.31,1.11,2.19,2.05,0,0.61,17.2,15.36,16.27,58.1
AMRELI,ST,0,0,0,13.68,7.23,9.5,33.65,34.37,34.07,132.5
ANAND,General,0.53,0,0.23,2.5,0.17,1.25,16.06,19.52,17.98,58.24
ANAND,OBC,0,0,0,4.12,0.36,2.17,23.82,26.46,25.38,82.31
ANAND,SC,1.71,3.99,2.9,4.11,1.33,2.62,12.2,8.03,9.93,46.82
ANAND,ST,0,0,0,0.85,0,0,10.14,22.92,17.46,51.37
ARAVALLI,General,1.17,2.53,1.91,4.81,5.08,4.96,7.82,17.43,13.47,59.18
ARAVALLI,OBC,0,0,0,1.8,0.77,1.26,16.61,18.38,17.57,56.39
ARAVALLI,SC,0,0.1,0,1.94,2.32,2.14,3.75,10.63,7.35,28.23
ARAVALLI,ST,1.2,0,0.48,2.04,3.11,2.6,13.36,21.4,17.77,61.96
BANAS KANTHA,General,0,0,0,5.07,0.16,2.48,15.37,11.1,12.87,47.05
BANAS KANTHA,OBC,0.66,0.13,0.38,12.7,6.93,9.61,20.36,19.6,19.89,90.26
BANAS KANTHA,SC,0,0,0,7.67,3.61,5.57,22.15,23.29,22.82,85.11
BANAS KANTHA,ST,1.71,2.39,2.06,10.65,12.39,11.56,19.9,26.47,23.49,110.62
BHARUCH,General,0,0,0,0.7,1.07,0.89,14.49,23.09,19.12,59.36
BHARUCH,OBC,0,0.28,0,4.68,4.86,4.78,17.43,33.62,26.34,91.99
BHARUCH,SC,0,1.55,0.18,0,3.12,0,5.49,20.51,13.53,44.38
BHARUCH,ST,0,0,0,7.34,4.42,5.83,21.27,31.79,26.93,97.58
BHAVNAGAR,General,0,0,0,0,0,0,16.45,7.74,11.54,35.73
BHAVNAGAR,OBC,0.07,0.88,0.49,5.68,5.78,5.73,12.09,18.08,15.44,64.24
BHAVNAGAR,SC,8.04,9.22,8.66,14.91,13.16,14,28.74,29.16,28.97,154.86
BHAVNAGAR,ST,28.98,24.89,26.6,44.56,38.82,41.26,40.25,37.91,38.79,322.06
BOTAD,General,0.69,0,0,2.37,0,0,10.26,0,3.51,16.83
BOTAD,OBC,0,0,0,7.22,2.84,4.89,27.15,20.75,23.35,86.2
BOTAD,SC,0,0.11,0,6.58,0,2.96,19.08,22.58,21.01,72.32
BOTAD,ST,2.14,0,0,13.54,15.24,14.61,0,36.53,10.22,92.28
CHHOTAUDEPUR,General,6.22,5.02,5.59,12.31,3.93,7.9,27.75,14.13,19.89,102.74
CHHOTAUDEPUR,OBC,6.2,9.08,7.72,12.69,15.31,14.08,17.11,29.33,23.9,135.42
CHHOTAUDEPUR,SC,0,0,0,40.91,33.33,37,36.24,31.52,33.6,212.6
CHHOTAUDEPUR,ST,0,0,0,7.04,6.12,6.57,11.98,14.23,13.15,59.09
DEVBHOOMI DWARKA,General,0.68,1.58,1.17,6.24,1.19,3.56,18.97,26.26,23.23,82.88
DEVBHOOMI DWARKA,OBC,0.82,0.71,0.76,7.62,6.88,7.23,25.96,28.18,27.2,105.36
DEVBHOOMI DWARKA,SC,0,0,0,1.36,3.02,2.21,15.93,35.01,26.52,84.05
DEVBHOOMI DWARKA,ST,0,0,0,0,0,0,15.87,38.29,28.9,83.06
DOHAD,General,0,4.11,1.48,3.35,6.23,4.92,24.46,31.9,28.48,104.93
DOHAD,OBC,3.39,3.53,3.46,8.93,9.16,9.05,27.86,35.11,31.78,132.27
DOHAD,SC,0,0,0,0,0,0,10.52,19.18,15.17,44.87
DOHAD,ST,0.09,0,0,6.7,6.57,6.63,26.24,24.83,25.52,96.58
GANDHINAGAR,General,16.51,18.26,17.5,12.1,13.09,12.67,1.83,7.85,5.38,105.19
GANDHINAGAR,OBC,2.01,1.67,1.83,8.05,4.99,6.42,17.27,17.94,17.67,77.85
GANDHINAGAR,SC,16.13,11.04,13.42,9.3,6.57,7.8,5.87,15.75,11.48,97.36
GANDHINAGAR,ST,14.57,0.47,6.87,20.36,11.78,15.52,3.06,20.3,13.79,106.72
GIR SOMNATH,General,0,0,0,6.33,5.83,6.06,19.02,16.12,17.37,70.73
GIR SOMNATH,OBC,0,0,0,5.79,6.49,6.15,17.55,19.85,18.79,74.62
GIR SOMNATH,SC,1.3,0,0,4.81,4.77,4.79,8.88,9.98,9.44,43.97
GIR SOMNATH,ST,0,4.21,1.71,0,0,0,13.88,17.09,15.8,52.69
JAMNAGAR,General,0,0,0,0,0,0,3.01,10.03,6.79,19.83
JAMNAGAR,OBC,2.36,6.94,4.75,12.82,14.07,13.47,28.75,29.47,29.14,141.77
JAMNAGAR,SC,6.64,10.25,8.54,16.95,14.22,15.54,33.58,33.41,33.49,172.62
JAMNAGAR,ST,4.96,5.82,5.49,15.39,7.18,10.31,38.4,26.68,30.72,144.95
JUNAGADH,General,0.74,1,0.89,0.19,0,0,2.25,11.68,7.81,24.56
JUNAGADH,OBC,0.61,0,0.22,4.13,4.04,4.08,15.9,20.5,18.4,67.88
JUNAGADH,SC,0.68,0,0.16,2.35,0.52,1.42,11.81,15.42,13.71,46.07
JUNAGADH,ST,4.39,3.09,3.67,0,3.45,0,4.75,17.03,11.98,48.36
KACHCHH,General,0,0,0,8.77,7.45,8.07,13.77,22.05,18.48,78.59
KACHCHH,OBC,0,0,0,12.37,8.8,10.47,26.94,33.29,30.72,122.59
KACHCHH,SC,0.31,1.9,1.14,7.46,5.75,6.56,19.97,27.92,24.32,95.33
KACHCHH,ST,4.01,5.53,4.82,15.53,11.81,13.46,37.92,45.16,42.28,180.52
KHEDA,General,0.19,0,0,6.09,3.68,4.79,14.95,21.34,18.64,69.68
KHEDA,OBC,0,0,0,4.76,2.83,3.74,26.93,23.57,25.02,86.85
KHEDA,SC,2.58,1.11,1.8,8.24,8.2,8.22,20.69,30.49,26.14,107.47
KHEDA,ST,0,0,0,0,0,0,31.76,38.2,35.76,105.72
MAHESANA,General,0.38,1.59,1.06,2.13,3,2.62,8.42,20,15.19,54.39
MAHESANA,OBC,0,0,0,6.13,2.55,4.22,21.84,27.91,25.42,88.07
MAHESANA,SC,0.44,0,0,1.9,0,0.31,11.54,20.49,16.46,51.14
MAHESANA,ST,0,2.53,1.36,8.87,6.28,7.45,11.17,13.19,12.27,63.12
MAHISAGAR,General,0,0,0,0,0,0,13.82,20.15,17.18,51.15
MAHISAGAR,OBC,0,0,0,3.35,0.55,1.91,16.03,15.93,15.97,53.74
MAHISAGAR,SC,0,0,0,8.24,10.78,9.59,7.05,18.56,13.49,67.71
MAHISAGAR,ST,0,0,0,2.36,1.93,2.14,15.52,18.23,16.96,57.14
MORBI,General,0,0,0,0.11,0,0.05,3.45,2.56,2.96,9.13
MORBI,OBC,0.59,0.31,0.44,14.38,10.52,12.32,28.62,28.97,28.83,124.98
MORBI,SC,0,0,0,3.22,0.98,2.05,21.8,17.71,19.59,65.35
MORBI,ST,13.61,6.6,9.41,32.99,22.23,26.08,38.46,44.44,42.47,236.29
NARMADA,General,0,0,0,7.58,1.64,4.39,20.23,24.95,22.76,81.55
NARMADA,OBC,0,0,0,1.22,0,0.33,19.34,20.13,19.74,60.76
NARMADA,SC,0,0,0,0,0,0,55.56,39.29,48.91,143.76
NARMADA,ST,3.05,1.21,2.12,5.83,3.74,4.76,16.42,18.87,17.7,73.7
NAVSARI,General,0.06,0.58,0.34,0.32,1.56,0.99,6.74,16.74,12.21,39.54
NAVSARI,OBC,0.27,0.22,0.24,1.53,1.68,1.61,7.7,10.59,9.25,33.09
NAVSARI,SC,0,0,0,2.83,9.89,6.49,12.02,20.57,16.57,68.37
NAVSARI,ST,0.66,0,0.28,0,0,0,13.29,19.21,16.35,49.79
PANCH MAHALS,General,0,0,0,0.51,2.21,1.41,14.76,18.46,16.8,54.15
PANCH MAHALS,OBC,0,0,0,5.27,3.75,4.49,22.15,24.81,23.6,84.07
PANCH MAHALS,SC,0,0.62,0.31,4.18,0,1.29,14.67,28.05,21.83,70.95
PANCH MAHALS,ST,0,0,0,7.24,6.26,6.74,18.24,26,22.3,86.78
PATAN,General,1.98,2.62,2.32,6.07,6.08,6.07,10.48,18.13,14.88,68.63
PATAN,OBC,0,0,0,7.69,3.5,5.47,26.41,23.29,24.55,90.91
PATAN,SC,1.96,0,0.56,3.24,3.19,3.21,13.39,17.01,15.39,57.95
PATAN,ST,0,0,0,11.09,0,4.13,29.96,33.33,32.02,110.53
PORBANDAR,General,2.37,0,0,4.18,0,0,6.2,19.28,13.51,45.54
PORBANDAR,OBC,0,0.56,0,5.16,6.04,5.62,14.84,20.91,18.08,71.21
PORBANDAR,SC,0,3.37,1.75,4.3,18.36,11.54,14.41,21.56,18.05,93.34
PORBANDAR,ST,4.76,7.58,6.35,1.32,0,0,9.38,16.87,14.12,60.38
RAJKOT,General,0,0,0,0,0,0,0,3.03,0.79,3.82
RAJKOT,OBC,2.2,2.38,2.29,9.19,8.04,8.58,18.29,22.81,20.85,94.63
RAJKOT,SC,0,0.94,0.26,4.29,4.51,4.41,5.84,18.24,12.48,50.97
RAJKOT,ST,0,4.83,2.52,13.38,18.34,16.44,25.19,35.77,31.75,148.22
SABAR KANTHA,General,2.22,1.45,1.8,1.17,0,0.13,5.97,13.83,10.38,36.95
SABAR KANTHA,OBC,0.03,0,0,3.02,2.35,2.67,19.28,19.51,19.41,66.27
SABAR KANTHA,SC,0,0,0,0.04,0,0,8.27,12.17,10.4,30.88
SABAR KANTHA,ST,0.77,0.55,0.66,8.73,9.23,8.98,14.27,18.48,16.5,78.17
SURAT,General,0.34,1.4,0.93,5.19,6.15,5.72,7.92,11.12,9.71,48.48
SURAT,OBC,0,0,0,8.07,5.76,6.83,12.7,14.92,13.96,62.24
SURAT,SC,0,0,0,1.2,2.41,1.85,7.34,14.87,11.53,39.2
SURAT,ST,0.09,0.48,0.29,7.23,5.49,6.33,14.84,21.3,18.2,74.25
SURENDRANAGAR,General,0,0.12,0,0,1.49,0.81,6.32,8.57,7.55,24.86
SURENDRANAGAR,OBC,0.27,0,0.13,12.26,6.76,9.38,22.18,22.29,22.24,95.51
SURENDRANAGAR,SC,2.47,1.63,2.03,7.44,2.91,5.1,12.72,19.77,16.39,70.46
SURENDRANAGAR,ST,0,3.26,0,21.67,24.84,23.47,46.91,37.82,41.15,199.12
TAPI,General,0,0,0,1.24,0,0,17.42,14.09,15.59,48.34
TAPI,OBC,4.42,3.85,4.13,7.48,5.83,6.6,0.34,20.69,11.99,65.33
TAPI,SC,0,0,0,0,0,0,13.19,14.84,14.11,42.14
TAPI,ST,1.58,2.23,1.91,6.91,6.29,6.6,10.28,12.91,11.57,60.28
THE DANGS,General,0,0,0,0,0,0,0,0,0,0
THE DANGS,OBC,8.31,5.34,6.73,13.94,0,5.83,15.56,32.69,24.74,113.14
THE DANGS,SC,0,0,0,0,0,0,0,0,0,0
THE DANGS,ST,1.97,2.5,2.24,7.4,6.64,7.01,16.61,20.54,18.56,83.47
VADODARA,General,0,0,0,0,0,0,5.81,15.23,11.08,32.12
VADODARA,OBC,6.12,5.14,5.6,16.23,12.15,14.05,33.6,39.67,37.06,169.62
VADODARA,SC,5.05,6.55,5.87,8.34,10.77,9.66,23.34,36.39,30.33,136.3
VADODARA,ST,4.65,2.4,3.47,14.44,12.9,13.61,30.15,39.73,35.71,157.06
VALSAD,General,0,0,0,2.27,1.64,1.92,10.61,13.72,12.33,42.49
VALSAD,OBC,2.75,1.03,1.85,3.27,4.36,3.85,3.12,6.87,5.13,32.23
VALSAD,SC,10.8,11.36,11.1,22.43,17.45,19.8,16.08,26.68,21.75,157.45
VALSAD,ST,0.89,1,0.94,5.25,4.38,4.81,14.26,17.35,15.81,64.69
AHMEDABAD,General,11.71,8.53,10.02,11.43,10.01,10.67,20.7,22.58,21.75,127.4
AHMEDABAD,OBC,0,0,0,5.25,0,1.5,19.53,22.17,21.12,69.57
AHMEDABAD,SC,0,0,0,0,0,0,10.92,18.73,15.44,45.09
AHMEDABAD,ST,0,0,0,0,0,0,0,3.57,0,3.57
AMRELI,General,0,0,0,2.72,0.12,1.32,15.48,25.07,21.04,65.75
AMRELI,OBC,1.81,1.56,1.68,8.02,4.37,6.11,27.5,33.4,30.95,115.4
AMRELI,SC,0,0,0,0,2.25,0,16.37,28.2,22.75,69.57
AMRELI,ST,3.46,4.83,4.35,6.95,14.18,11.58,28.49,43.37,37.69,154.9
ANAND,General,1.95,0,0.42,4.62,3.9,4.24,20.22,27.96,24.72,88.03
ANAND,OBC,0,1.02,0.5,6.62,1.73,4.05,28.17,28.7,28.48,99.27
ANAND,SC,0,0,0,1.25,0,0,20.23,25.74,23.22,70.44
ANAND,ST,6.23,8.06,7.24,10.35,15.52,13.36,15.09,27.66,22.49,126
ARAVALLI,General,0,0,0,0.94,0,0,11.92,18.4,15.84,47.1
ARAVALLI,OBC,0.69,0,0.26,3.17,2.6,2.87,19.21,24.72,22.29,75.81
ARAVALLI,SC,2.25,2.16,2.21,0,0,0,15.18,16.7,16,54.5
ARAVALLI,ST,0.06,0,0,0,0,0,18.31,19.98,19.22,57.57
BANAS KANTHA,General,0.41,0.26,0.33,9.43,4.07,6.59,18.1,16.89,17.38,73.46
BANAS KANTHA,OBC,0.02,0.16,0.1,9.43,4.74,6.89,19.82,21.64,20.97,83.77
BANAS KANTHA,SC,1.09,0.53,0.8,6.4,2.62,4.42,17.62,20.97,19.65,74.1
BANAS KANTHA,ST,0.93,1.42,1.19,8.8,7.87,8.31,17.26,21.01,19.33,86.12
BHARUCH,General,1.82,0,0.58,2.16,1.94,2.05,16.79,24.43,20.97,70.74
BHARUCH,OBC,0,0.85,0.36,4.8,0.95,2.78,21.61,31.62,27.19,90.16
BHARUCH,SC,0,0,0,0,1.15,0.2,18.59,27.34,23.4,70.68
BHARUCH,ST,1.69,1.18,1.43,7.28,6.12,6.68,29.29,37.35,33.74,124.76
BHAVNAGAR,General,18.72,8.25,13.22,15.78,5.32,10.33,21.06,12.05,16.22,120.95
BHAVNAGAR,OBC,0,0,0,2.41,0.62,1.47,25.63,26.9,26.37,83.4
BHAVNAGAR,SC,0,0,0,0,0,0,10.88,13.38,12.2,36.46
BHAVNAGAR,ST,0,0,0,0,0,0,0,0,0,0
BOTAD,General,0,0,0,0,0,0,9.76,25.51,20.1,55.37
BOTAD,OBC,0.48,0,0.06,8.48,2.35,5.22,28.31,24.97,26.32,96.19
BOTAD,SC,0.67,1.74,1.23,1.54,3.27,2.46,24.76,27.22,26.15,89.04
BOTAD,ST,14.13,8.84,11.07,29.59,24.93,26.52,19.75,15.88,16.88,167.59
CHHOTAUDEPUR,General,6.3,5.91,6.1,3.67,0,1.67,19.84,24.26,22.25,90
CHHOTAUDEPUR,OBC,4.62,4.38,4.5,10.18,7.35,8.7,22.21,30.24,26.69,118.87
CHHOTAUDEPUR,SC,7.85,2.94,5.41,0,0,0,29.47,38.56,34.64,118.87
CHHOTAUDEPUR,ST,0,0.05,0,7.51,7.27,7.39,26.25,31.74,29.12,109.33
DEVBHOOMI DWARKA,General,2.14,0.16,1.09,5.82,0.99,3.26,20.84,25.73,23.81,83.84
DEVBHOOMI DWARKA,OBC,0,0,0,9.09,4.64,6.77,24.69,31.32,28.46,104.97
DEVBHOOMI DWARKA,SC,0,0.57,0,7.03,9.08,8.1,29.46,29.91,29.7,113.85
DEVBHOOMI DWARKA,ST,6.17,1.9,3.76,0,0,0,29.81,27.1,28.19,96.93
DOHAD,General,2.27,0,0,0,0,0,17.75,13.52,15.54,49.08
DOHAD,OBC,0.55,1.27,0.93,3.19,2.98,3.08,22.1,21.65,21.85,77.6
DOHAD,SC,25.98,24.44,25.18,28.08,27.29,27.67,13.48,18.21,16.1,206.43
DOHAD,ST,0,0,0,0,0,0,28.12,29.87,29.02,87.01
GANDHINAGAR,General,2.65,0,0.39,3.59,0.6,1.89,2.82,9.56,6.93,28.43
GANDHINAGAR,OBC,0.54,1.18,0.88,5.35,3.42,4.31,21.8,23.73,22.97,84.18
GANDHINAGAR,SC,0,1.8,0.86,3.23,0,0.43,11.6,18.22,15.44,51.58
GANDHINAGAR,ST,0,0.89,0,0,3.17,0,15.04,12.37,13.43,44.9
GIR SOMNATH,General,0,0.71,0,1.66,0,0,17.49,22.16,20.21,62.23
GIR SOMNATH,OBC,0.42,0.09,0.25,6.66,5.61,6.11,26.74,30.52,28.83,105.23
GIR SOMNATH,SC,0,0,0,0,0,0,15.88,24.41,20.43,60.72
GIR SOMNATH,ST,7.52,9.68,8.71,8.51,0,0.78,9.7,27.94,21.05,93.89
JAMNAGAR,General,6.23,3.95,4.97,5.08,5.65,5.4,17.8,21.6,19.83,90.51
JAMNAGAR,OBC,0,0.65,0.29,8.88,7.65,8.23,27.18,35.11,31.65,119.64
JAMNAGAR,SC,7.52,3.23,5.31,15.2,9.37,12.21,35.04,42.84,39.34,170.06
JAMNAGAR,ST,6.87,8.07,7.62,21.05,25.15,23.68,30.28,31.74,31.22,185.68
JUNAGADH,General,0.26,0.17,0.21,2.25,0,0.84,10.64,20.83,16.89,52.09
JUNAGADH,OBC,0.16,0.49,0.33,3.06,2.97,3.01,25.76,34,30.4,100.18
JUNAGADH,SC,0,0.82,0.25,0.42,0.26,0.34,26.45,37.18,32.22,97.94
JUNAGADH,ST,1.73,1.12,1.4,0,3.8,1.91,32.41,35.73,34.33,112.43
KACHCHH,General,0.33,1.45,0.93,8.11,3.47,5.66,20.17,25.59,23.24,88.95
KACHCHH,OBC,1.33,1.66,1.5,11.7,9.7,10.61,23.82,32.39,29.04,121.75
KACHCHH,SC,0.38,0.74,0.56,7.65,6.25,6.91,24.97,32.76,29.26,109.48
KACHCHH,ST,4.1,4.17,4.14,10.13,17.16,14.27,20.88,45.48,37.53,157.86
KHEDA,General,0,0.42,0.19,1.87,2.03,1.96,15.33,18.88,17.41,58.09
KHEDA,OBC,0.37,0,0.03,4.28,1.93,3.04,27.63,28.61,28.21,94.1
KHEDA,SC,0,0,0,0.7,2.54,1.69,6.71,21.48,15.21,48.33
KHEDA,ST,3.48,6.22,4.99,5.39,2.09,3.44,20.14,23.17,21.98,90.9
MAHESANA,General,0,0.05,0,2.28,0,0.61,7.32,16.37,12.69,39.32
MAHESANA,OBC,0,0,0,4.49,0.86,2.55,21.86,27.13,25.05,81.94
MAHESANA,SC,0,0.12,0,1.98,0,0,17.12,21.58,19.66,60.46
MAHESANA,ST,6.18,5.48,5.79,6.07,9.05,7.7,17.4,28.57,23.59,109.83
MAHISAGAR,General,9.5,8.06,8.74,8.15,5.13,6.61,20.03,21.31,20.73,108.26
MAHISAGAR,OBC,0,0,0,0,0.65,0,21.69,25.6,23.85,71.79
MAHISAGAR,SC,4.54,0,2.06,12.34,6.32,9.15,35.84,21.97,28.92,121.14
MAHISAGAR,ST,0.13,0.06,0.09,4.02,0.57,2.26,21.83,27.62,24.93,81.51
MORBI,General,1.44,2.02,1.75,2.81,2.39,2.58,10.59,17,14.26,54.84
MORBI,OBC,1.08,0.61,0.84,11.6,7.45,9.38,25.99,33.48,30.58,121.01
MORBI,SC,4.74,5.25,5,7.39,5.72,6.52,26.57,30.27,28.63,120.09
MORBI,ST,5.7,9.25,7.89,14.29,17.84,16.6,50.28,44.99,46.7,213.54
NARMADA,General,0,0,0,0,0,0,18.04,28.96,24.08,71.08
NARMADA,OBC,0,0,0,2.48,3.04,2.76,24.41,30.22,27.44,90.35
NARMADA,SC,0,0,0,20.89,0,11.01,17.32,50,35.13,134.35
NARMADA,ST,1.33,1.73,1.54,6.77,7.6,7.2,20.6,24.73,22.73,94.23
NAVSARI,General,0.49,1,0.76,1.85,3.92,2.96,15.75,18.09,17.02,61.84
NAVSARI,OBC,1.39,1.32,1.36,1.14,1.99,1.59,5.33,16.36,11.34,41.82
NAVSARI,SC,3.67,9.03,6.57,8.85,5.17,7.02,17.34,27.07,22.79,107.51
NAVSARI,ST,0,0,0,0,0,0,19.02,26.67,23,68.69
PANCH MAHALS,General,0,2.89,0.79,1.46,0,0.62,22.26,25.37,24.01,77.4
PANCH MAHALS,OBC,0.34,0,0.14,3.61,1.66,2.6,24.56,29.48,27.32,89.71
PANCH MAHALS,SC,0.52,0.31,0.41,4.58,2.53,3.52,20.16,27.24,24,83.27
PANCH MAHALS,ST,0,0,0,2.07,2.91,2.51,25.5,31.53,28.69,93.21
PATAN,General,1.93,3.09,2.56,6.01,0.72,3.2,9.99,13.84,12.26,53.6
PATAN,OBC,0,0,0,8.07,5.01,6.43,28.07,30.23,29.41,107.22
PATAN,SC,0.91,0.21,0.55,6.02,3.2,4.57,20.83,19.91,20.31,76.51
PATAN,ST,0,0,0,0,0,0,5.91,30.68,22.26,58.85
PORBANDAR,General,2.45,1.3,1.84,0.15,1.79,1.03,13.65,25.38,20.49,68.08
PORBANDAR,OBC,1.3,1.73,1.52,6.84,5.67,6.23,23.2,29.89,26.77,103.15
PORBANDAR,SC,0.23,0,0,0,0,0,19.87,23.23,21.54,64.87
PORBANDAR,ST,3.69,4.32,4.04,8.45,0,1.71,36.57,26.81,30.71,116.3
RAJKOT,General,1.57,3.68,2.78,1.23,2.34,1.86,8.82,14.25,12.03,48.56
RAJKOT,OBC,0.22,0.62,0.43,4.85,4.38,4.6,22.35,28.91,26.21,92.57
RAJKOT,SC,0.92,0.44,0.66,3.4,3.81,3.62,26.16,32.93,29.86,101.8
RAJKOT,ST,7.19,6.09,6.54,12.89,9.75,10.96,19.64,32.25,27.78,133.09
SABAR KANTHA,General,0,0,0,0,0,0,9.58,12.16,11.05,32.79
SABAR KANTHA,OBC,0.29,0.62,0.46,3.15,2.05,2.57,26.24,28.39,27.47,91.24
SABAR KANTHA,SC,1.03,0.12,0.55,0.99,0.95,0.97,17.57,23.8,21.05,67.03
SABAR KANTHA,ST,0.31,1.32,0.82,7.15,5.92,6.51,26.22,28.07,27.19,103.51
SURAT,General,3.45,4.34,3.95,5.7,6.46,6.12,17.57,21.1,19.58,88.27
SURAT,OBC,4.09,3.81,3.93,8.55,6.74,7.57,16.2,19.4,18.03,88.32
SURAT,SC,6.57,3.69,5.04,12.92,9.27,11,18.63,22.01,20.5,109.63
SURAT,ST,0.37,0.53,0.45,5.8,2.81,4.28,19.05,25.02,22.16,80.47
SURENDRANAGAR,General,1.01,1.71,1.4,1.25,3.65,2.56,12.92,18.5,16.07,59.07
SURENDRANAGAR,OBC,0.83,0.27,0.54,11.67,9,10.25,28.61,27.89,28.18,117.24
SURENDRANAGAR,SC,0,0,0,4.37,2.73,3.54,21.07,27.02,24.34,83.07
SURENDRANAGAR,ST,0,5.08,0.19,0,7.75,2.77,3.83,32.79,24.14,76.55
TAPI,General,0,0.38,0,3.59,6.34,5.05,24.39,19.72,21.9,81.37
TAPI,OBC,1.92,0.42,1.15,10.5,6.08,8.17,28.91,34.06,31.72,122.93
TAPI,SC,23.75,20.73,22.18,15.77,21.47,19.01,26.32,40.1,33.7,223.03
TAPI,ST,0.39,0.93,0.67,6.25,6.82,6.54,23.18,30.6,26.83,102.21
THE DANGS,General,7.69,3.03,4.93,0,0,0,2.86,28.21,16.22,62.94
THE DANGS,OBC,1.97,0,0,13.89,10.87,12.36,19.51,9.88,14.72,83.2
THE DANGS,SC,0,0,0,0,0,0,0,25,9.3,34.3
THE DANGS,ST,1.25,1.1,1.17,9.09,9.68,9.39,21.05,26.02,23.51,102.26
VADODARA,General,3.49,3.52,3.51,4.26,2.52,3.32,16.48,22.65,19.97,79.72
VADODARA,OBC,0,0,0,4.58,1.32,2.85,22.85,32.48,28.45,92.53
VADODARA,SC,0,0,0,0,2.28,0.73,19.25,27.26,23.57,73.09
VADODARA,ST,0,0,0,7.49,4.16,5.7,29.16,33.18,31.5,111.19
VALSAD,General,4.81,5.92,5.42,6.38,3.7,4.91,14.2,20.51,17.72,83.57
VALSAD,OBC,3.17,1.68,2.39,3.41,2.8,3.09,13.2,18.43,16.01,64.18
VALSAD,SC,5.02,9.5,7.45,0,0,0,26.41,29.92,28.26,106.56
VALSAD,ST,0.57,0.66,0.61,7.75,7.32,7.53,22.81,29,25.91,102.16
AHMEDABAD,General,9.23,12.54,11.02,12,12.73,12.4,12.77,21.93,18.05,122.67
AHMEDABAD,OBC,0,0,0,0.43,0,0,16.72,24.65,21.6,63.4
AHMEDABAD,SC,0,0,0,0,0,0,0.1,6.52,3.81,10.43
AHMEDABAD,ST,0,0,0,0,0,0,3.76,2.62,3.11,9.49
AMRELI,General,4.71,4.5,4.59,0.72,3.97,2.51,25.1,3.53,13.52,63.15
AMRELI,OBC,0,0.78,0.4,10.79,4.29,7.36,31.82,35.17,33.79,124.4
AMRELI,SC,1.86,0.38,1.1,4.66,0,2.13,29.82,31.82,30.89,102.66
AMRELI,ST,11.6,8.2,9.44,22.35,17.11,19.15,42.62,52.33,49.09,231.89
ANAND,General,0,0,0,0,0.62,0.3,21.55,20.97,21.22,64.66
ANAND,OBC,1.16,1.71,1.45,10.52,2.46,6.27,33.64,37.04,35.67,129.92
ANAND,SC,0.37,0.43,0.41,2.21,0,0,7.65,18.49,13.68,43.24
ANAND,ST,0,0,0,0,0,0,2.02,8.55,5.8,16.37
ARAVALLI,General,0,0,0,0,0,0,6.53,14.7,11.56,32.79
ARAVALLI,OBC,1.47,1.83,1.65,6.65,4.19,5.35,23.07,24.9,24.1,93.21
ARAVALLI,SC,0,0,0,4.66,3.35,3.98,16.97,22.21,19.92,71.09
ARAVALLI,ST,1.99,0,0.94,1.16,0,0.27,14.61,21.36,18.27,58.6
BANAS KANTHA,General,5.76,6.15,5.96,15.42,9.59,12.29,23.89,28.41,26.64,134.11
BANAS KANTHA,OBC,0.34,0,0,13.61,4.09,8.38,22.73,27.34,25.69,102.18
BANAS KANTHA,SC,2.05,2.28,2.17,12.95,4.16,8.32,25.9,26.87,26.49,111.19
BANAS KANTHA,ST,3.46,3.33,3.4,13.67,13.78,13.73,24.89,29.07,27.17,132.5
BHARUCH,General,0.84,2.06,1.48,1.63,0.7,1.14,16.92,28.01,23.11,75.89
BHARUCH,OBC,0.7,0,0,3.81,0,1.39,19.25,34.76,27.94,87.85
BHARUCH,SC,4.01,1.35,2.62,5.22,0,1.98,17.64,29.42,24.01,86.25
BHARUCH,ST,0,0.04,0.02,9.67,5.47,7.49,30.26,40.15,35.74,128.84
BHAVNAGAR,General,0,0,0,0,0,0,0,12.99,5.9,18.89
BHAVNAGAR,OBC,2.91,3.81,3.38,11.52,5.82,8.51,26.65,28.79,27.9,119.29
BHAVNAGAR,SC,14.92,15.92,15.44,16.03,18.94,17.56,35.01,43.56,39.67,217.05
BHAVNAGAR,ST,7.9,10.61,9.53,26.08,20.07,22.43,51.19,38.08,43.7,229.59
BOTAD,General,0,0,0,7.05,0,1.31,21.41,24.71,23.59,78.07
BOTAD,OBC,1.46,1.06,1.26,10.86,2.2,6.26,29.2,29.5,29.38,111.18
BOTAD,SC,0.5,0,0,10.97,0,3.63,32.85,32.85,32.84,113.64
BOTAD,ST,0,0,0,10.27,0,1.01,21.54,4.33,8.8,45.95
CHHOTAUDEPUR,General,3.33,6.28,4.91,1.68,0,0,12.07,25.7,19.67,73.64
CHHOTAUDEPUR,OBC,0,0,0,6.27,1.45,3.75,28.12,31.17,29.78,100.54
CHHOTAUDEPUR,SC,6,4.11,5.07,17.2,13.13,15.06,32.26,24.23,27.92,144.98
CHHOTAUDEPUR,ST,5.03,6.18,5.63,11.88,11.25,11.55,30.03,37.43,33.86,152.84
DEVBHOOMI DWARKA,General,1.23,2.37,1.83,12.15,4.24,7.92,25.7,31.43,29.23,116.1
DEVBHOOMI DWARKA,OBC,1.9,1.77,1.83,12.52,9.33,10.85,30.86,36.98,34.42,140.46
DEVBHOOMI DWARKA,SC,0.45,2.72,1.6,12.53,7.06,9.64,23.16,49.34,38.07,144.57
DEVBHOOMI DWARKA,ST,0,0,0,0,0,0,50.53,39.05,44.5,134.08
DOHAD,General,0,0,0,0,6.84,2.55,19.01,27.27,23.58,79.25
DOHAD,OBC,0,0,0,7.46,5.19,6.28,31.53,34.86,33.27,118.59
DOHAD,SC,0,0,0,10.67,8.76,9.69,53.18,47.98,50.5,180.78
DOHAD,ST,4.53,5.72,5.14,8.25,8.18,8.21,27.15,28.73,27.97,123.88
GANDHINAGAR,General,0,0,0,0,0,0,7.62,8.94,8.43,24.99
GANDHINAGAR,OBC,1.64,0.61,1.09,9.23,1.51,5.04,22.88,26.7,25.23,93.93
GANDHINAGAR,SC,1.06,0,0,0,0,0,4.75,14.66,10.6,31.07
GANDHINAGAR,ST,3.56,0,0.11,2.97,0,0,0,9.74,5.88,22.26
GIR SOMNATH,General,0.71,0,0,7.91,3.55,5.56,17.14,20.51,19.14,74.52
GIR SOMNATH,OBC,2.05,1.68,1.85,10.05,6.26,8.08,23.04,21.23,22.05,96.29
GIR SOMNATH,SC,1.51,4.85,3.23,6.96,9.29,8.17,11.27,11.42,11.35,68.05
GIR SOMNATH,ST,0,0,0,0,0,0,35.9,3.84,17.96,57.7
JAMNAGAR,General,0,0,0,0,0,0,8.57,13.41,11.2,33.18
JAMNAGAR,OBC,4.15,5.1,4.65,13.89,8.7,11.17,26.91,37.47,32.92,144.96
JAMNAGAR,SC,0,0,0,2.48,0,0,23.78,35.83,30.33,92.42
JAMNAGAR,ST,8.11,2,4.37,12.14,7.03,8.89,22.13,23.21,22.78,110.66
JUNAGADH,General,3.18,4.15,3.73,3.21,0,0.15,9.03,12.64,11.23,47.32
JUNAGADH,OBC,0.15,0.03,0.09,2.85,0,1.26,21,25.97,23.81,75.16
JUNAGADH,SC,0,0.74,0.02,0,0,0,22.2,24.48,23.41,70.85
JUNAGADH,ST,0,0,0,0,0,0,28.73,20.88,24.46,74.07
KACHCHH,General,1.1,0.79,0.93,7.76,4.93,6.24,21.64,34.27,28.95,106.61
KACHCHH,OBC,1.83,1.3,1.55,18.5,9.76,13.72,31.3,41.87,37.7,157.53
KACHCHH,SC,0.91,0,0,8.94,2.05,5.34,31.12,41.76,36.97,127.09
KACHCHH,ST,1.55,5.94,3.98,20.36,2.62,10,28.93,41.8,37.59,152.77
KHEDA,General,0,0,0,0,0,0,13.71,16.71,15.45,45.87
KHEDA,OBC,0.97,1.41,1.2,8.21,3.11,5.48,35.39,35.78,35.62,127.17
KHEDA,SC,2.55,2.48,2.51,8.46,1.68,4.85,24.43,26.95,25.84,99.75
KHEDA,ST,7.05,2.29,4.45,23.75,12.47,17.43,34.35,33.66,33.93,169.38
MAHESANA,General,1.96,1.46,1.67,1.39,1.99,1.73,14.82,20.76,18.32,64.1
MAHESANA,OBC,0.8,0.61,0.7,9.59,2.51,5.74,25.02,33.13,29.99,108.09
MAHESANA,SC,0,0,0,1.36,0,0,18.74,25.37,22.56,68.03
MAHESANA,ST,0,0,0,1.54,0,0,10.42,26.75,19.91,58.62
MAHISAGAR,General,0.39,1.89,1.18,6.58,5.42,5.99,28.85,35.49,32.5,118.29
MAHISAGAR,OBC,1.28,0.71,0.99,4.2,1.79,2.95,27.82,28.11,27.99,95.84
MAHISAGAR,SC,0,0.65,0,0,7.46,2.9,32.89,27.78,30.3,101.98
MAHISAGAR,ST,2.37,2.52,2.45,8.52,5.35,6.89,24.58,27.72,26.24,106.64
MORBI,General,0,0,0,0,0,0,7.76,11.63,10,29.39
MORBI,OBC,3.6,2.86,3.2,17.48,7.31,12.1,29.06,28.56,28.75,132.92
MORBI,SC,1.26,1.81,1.54,6.24,1.33,3.66,24.12,30.18,27.54,97.68
MORBI,ST,11.6,8.93,9.94,24.14,20.28,21.7,37.21,46.76,43.9,224.46
NARMADA,General,5.27,7.16,6.31,12.09,7.53,9.76,21.55,31.2,26.96,127.83
NARMADA,OBC,6.94,8.18,7.58,2.73,4.48,3.61,26.39,20.14,23.03,103.08
NARMADA,SC,6.46,25.09,16.12,0,21.25,0.94,0,0,0,69.86
NARMADA,ST,1.27,1.23,1.24,9.54,7.98,8.73,23.91,26.55,25.26,105.71
NAVSARI,General,0,0,0,0,0,0,12.47,20.59,16.89,49.95
NAVSARI,OBC,0.56,0.07,0.31,4.06,2.26,3.11,9,17.86,13.79,51.02
NAVSARI,SC,19.68,14.26,16.9,12.5,17.99,15.41,10.86,19.91,15.77,143.28
NAVSARI,ST,0.61,0.77,0.69,0,0,0,20.22,30.02,25.39,77.7
PANCH MAHALS,General,1.89,0.58,1.17,4.75,5.69,5.26,16.01,21.8,19.33,76.48
PANCH MAHALS,OBC,0.01,0.55,0.3,8.48,4.34,6.33,34.6,35.31,35,124.92
PANCH MAHALS,SC,0,0,0,4.03,4.97,4.52,30.24,32.08,31.26,107.1
PANCH MAHALS,ST,3.12,3.18,3.15,14.94,12.99,13.93,26.02,32.35,29.37,139.05
PATAN,General,0,0,0,5.22,4.81,4.99,13.63,18.39,16.47,63.51
PATAN,OBC,2.2,1.48,1.82,14.47,5.49,9.63,28.45,34.05,32.02,129.61
PATAN,SC,0,0,0,6.72,3.66,5.13,25.96,26.62,26.33,94.42
PATAN,ST,16.09,7.35,11.53,23.65,20.36,21.74,14.6,18.06,16.93,150.31
PORBANDAR,General,0,0,0,0,0,0,12.9,20.97,17.65,51.52
PORBANDAR,OBC,2.58,3.25,2.93,11,9.13,10.03,23.26,33.01,28.46,123.65
PORBANDAR,SC,1.35,2.86,2.13,0,2.37,0.29,25.32,31.64,28.26,94.22
PORBANDAR,ST,0,0,0,0,0,0,23.6,32.17,29.01,84.78
RAJKOT,General,1.08,0,0.22,0,0,0,5.32,7.72,6.71,21.05
RAJKOT,OBC,2.19,2.66,2.44,8.33,3.08,5.48,17.5,23.56,21.11,86.35
RAJKOT,SC,0,0,0,1.46,0,0.13,21.66,29.83,26.08,79.16
RAJKOT,ST,0,1.14,0.33,0,2.72,1.06,22.55,31.5,28.52,87.82
SABAR KANTHA,General,2.46,1.66,2.02,1.62,2.81,2.27,10.64,21.9,17.19,62.57
SABAR KANTHA,OBC,0.28,0.08,0.18,6.85,2.56,4.58,24.75,23.19,23.85,86.32
SABAR KANTHA,SC,7.16,5.28,6.18,11.01,6.44,8.58,19.38,21.05,20.28,105.36
SABAR KANTHA,ST,4.04,4.22,4.13,14.5,14.83,14.67,21.08,26.26,23.84,127.57
SURAT,General,0,0,0,0,0,0,9.74,12.02,11.04,32.8
SURAT,OBC,0,0,0,1.64,0.59,1.07,13.97,21.27,18.22,56.76
SURAT,SC,4.15,2.6,3.34,12.13,13.45,12.83,13.85,17.8,16.01,96.16
SURAT,ST,1.17,0,0.08,6.87,3.37,5.1,15.68,24.41,20.21,76.89
SURENDRANAGAR,General,2.71,2.52,2.61,2.26,3.95,3.19,9.63,16.42,13.52,56.81
SURENDRANAGAR,OBC,2.78,1.92,2.33,16.26,9.47,12.65,26.76,29.58,28.47,130.22
SURENDRANAGAR,SC,0.31,1.88,1.13,6.73,2.63,4.64,21.63,27.85,25.11,91.91
SURENDRANAGAR,ST,4.16,4.24,4.2,24.34,19.15,21.05,38.62,18.01,24.5,158.27
TAPI,General,4.55,1.11,2.76,6.21,4.46,5.28,24.24,29.58,26.96,105.15
TAPI,OBC,0,0,0,0.99,5.08,3.21,16.42,25.52,21.38,72.6
TAPI,SC,0,0,0,11.4,0,2.82,39.14,51.19,45.44,149.99
TAPI,ST,0,0.4,0.19,8.08,9.38,8.73,18.7,27.77,23.1,96.35
THE DANGS,General,35.29,6.98,21.51,41.67,54.81,48.5,45.16,58.22,52.48,364.62
THE DANGS,OBC,0,0.33,0,11.4,4.3,7.92,22.62,33.33,27.57,107.47
THE DANGS,SC,69.63,62.11,65.88,53.52,53.16,53.33,64.51,78.08,74.04,574.26
THE DANGS,ST,2.85,3.16,3.01,10.57,11.42,11,21.8,25.28,23.5,112.59
VADODARA,General,0,0,0,3.06,0.44,1.64,18.54,28.89,24.48,77.05
VADODARA,OBC,2.66,2.17,2.4,9.34,3.27,6.1,25.35,36.72,31.99,120
VADODARA,SC,5.63,3.37,4.42,2.41,0,0.84,21.26,33.39,27.94,99.26
VADODARA,ST,3.19,2.12,2.63,13.09,7.92,10.29,33.44,42.21,38.44,153.33
VALSAD,General,1.91,0.5,1.13,4.02,1.93,2.88,19.51,23.81,21.93,77.62
VALSAD,OBC,0,0.36,0,0.24,1.72,1.04,8.67,21.27,15.55,48.85
VALSAD,SC,0,0,0,0,0,0,14.01,28.52,21.94,64.47
VALSAD,ST,1.71,2.2,1.96,7.17,7.48,7.33,23.47,30.61,27.08,109.01
AHMEDABAD,General,0,0,0,0,0,0,0,1.5,0.42,1.92
AHMEDABAD,OBC,18.12,18.26,18.19,26.75,19.81,22.98,35.95,39.83,38.35,238.24
AHMEDABAD,SC,29.82,31.54,30.73,32.24,30.31,31.19,43.15,46.01,44.78,319.77
AHMEDABAD,ST,37.77,37.4,37.56,44.35,43.83,44.06,46.52,52.05,49.82,393.36
AMRELI,General,1.88,3.37,2.71,2.93,8.77,6.21,19.12,20.19,19.7,84.88
AMRELI,OBC,3.81,3.39,3.58,14.36,7.91,10.94,31.48,33.41,32.62,141.5
AMRELI,SC,4.23,5.93,5.11,7.94,5.5,6.69,24.98,30.86,28.07,119.31
AMRELI,ST,14.81,12.33,13.24,0,0,0,11.11,8.96,9.68,70.13
ANAND,General,0,0.14,0,1.27,0,0,10.09,20.82,16.22,48.54
ANAND,OBC,0.5,0.85,0.69,9.84,5.45,7.48,34.4,37.49,36.28,132.98
ANAND,SC,4.94,8.1,6.63,10.05,12.08,11.13,20.04,30.06,25.66,128.69
ANAND,ST,7.61,7.49,7.54,7.13,8.69,8.04,21.48,26.28,24.29,118.55
ARAVALLI,General,3.36,4.09,3.76,11.47,5.03,7.8,11.14,11.85,11.56,70.06
ARAVALLI,OBC,0,1.18,0.53,6.07,3.74,4.84,28.96,30.47,29.83,105.62
ARAVALLI,SC,0,2.52,0.7,0,0,0,7.73,11.88,10.13,32.96
ARAVALLI,ST,1.14,2.8,2,4.06,1.89,2.89,22.53,28.89,26.02,92.22
BANAS KANTHA,General,0.73,2.23,1.53,11.39,3.4,7.11,22.09,19.72,20.64,88.84
BANAS KANTHA,OBC,4.53,3.92,4.21,19.68,11.08,14.91,28.05,29.06,28.72,144.16
BANAS KANTHA,SC,2.76,2.33,2.54,18.97,10.93,14.71,29.54,28.72,29.03,139.53
BANAS KANTHA,ST,6.89,7.26,7.08,18.54,18.11,18.31,21.71,30.27,26.49,154.66
BHARUCH,General,3,3.04,3.02,8.56,6.17,7.29,19.63,27.59,24.13,102.43
BHARUCH,OBC,1.99,1.97,1.98,9.46,5.08,7.16,17.21,30.89,25.1,100.84
BHARUCH,SC,0,0,0,2.45,5.36,3.98,21.12,29.91,25.92,88.74
BHARUCH,ST,1.45,1.11,1.27,11.83,7.91,9.8,27.97,34.04,31.3,126.68
BHAVNAGAR,General,5.94,5.73,5.82,8.25,10.31,9.42,15.65,24.04,20.55,105.71
BHAVNAGAR,OBC,4.3,4.51,4.4,14.4,9.93,12.03,24.16,25.93,25.22,124.88
BHAVNAGAR,SC,6.9,6.01,6.43,13.16,10.41,11.72,28.1,29.1,28.67,140.5
BHAVNAGAR,ST,25.49,20.64,22.61,31.01,24.12,27,18.42,24.53,21.98,215.8
BOTAD,General,1.93,1.82,1.87,6.72,0,0,13.46,12.87,13.09,51.76
BOTAD,OBC,1.37,1.65,1.52,13.55,4.17,8.58,32.35,26.97,29.02,119.18
BOTAD,SC,1.02,2.82,1.96,6.34,10.29,8.41,28.95,25.86,27.24,112.89
BOTAD,ST,7.14,5.36,6.1,11.33,9.29,9.94,24.49,19.72,20.94,114.31
CHHOTAUDEPUR,General,0,0,0,0.1,0,0,6.48,16.31,11.89,34.78
CHHOTAUDEPUR,OBC,6.91,5.1,5.96,3.72,3.26,3.48,26.97,30.36,28.77,114.53
CHHOTAUDEPUR,SC,0,2.07,0,7.95,19.11,14.14,0,13.64,0,56.91
CHHOTAUDEPUR,ST,4.67,4.49,4.58,11.49,11.02,11.25,28.77,35.34,32.22,143.83
DEVBHOOMI DWARKA,General,2.75,7.61,5.4,14.71,7.66,10.9,30.18,32.61,31.67,143.49
DEVBHOOMI DWARKA,OBC,2.58,2.28,2.43,14.71,8.62,11.53,27.54,34.02,31.35,135.06
DEVBHOOMI DWARKA,SC,1.04,0.09,0.55,19.7,10.58,14.99,39.57,50.83,45.73,183.08
DEVBHOOMI DWARKA,ST,19.94,27.21,23.99,33.52,28.85,30.73,21.36,42.18,32.91,260.69
DOHAD,General,7.81,11.39,9.81,3.7,1.21,2.39,25.86,26.86,26.42,115.45
DOHAD,OBC,3.54,6.31,4.99,5.29,6.45,5.9,27.72,29.01,28.4,117.61
DOHAD,SC,0,3.61,0.32,0,4.35,0,17.04,10.62,13.76,49.7
DOHAD,ST,2.02,4.96,3.55,5.94,8.3,7.18,26.34,28.12,27.31,113.72
GANDHINAGAR,General,0,2.51,0.73,0,0,0,0,8.54,4.87,16.65
GANDHINAGAR,OBC,0.36,0.01,0.17,10.9,3.59,6.91,26.72,29.22,28.28,106.16
GANDHINAGAR,SC,0.91,0.23,0.55,0,0,0,16.52,20.67,18.89,57.77
GANDHINAGAR,ST,0,0,0,0,0,0,10.35,8.05,8.95,27.35
GIR SOMNATH,General,1.48,4.5,3.06,13.65,3.86,8.44,21.37,19.77,20.43,96.56
GIR SOMNATH,OBC,2.1,2.18,2.14,11.47,8.3,9.83,24.09,26.66,25.51,112.28
GIR SOMNATH,SC,1.89,0,0.8,11.67,8.48,10.03,13.08,17.23,15.27,78.45
GIR SOMNATH,ST,0,3.85,1.58,0,0,0,3.93,5.75,5,20.11
JAMNAGAR,General,2.3,3.79,3.12,0,0,0,15.26,23.58,19.8,67.85
JAMNAGAR,OBC,3.19,2.6,2.88,13.25,6.57,9.79,18.36,31.11,25.64,113.39
JAMNAGAR,SC,9.68,9.33,9.5,13.3,7.11,10.18,29.97,36.85,33.79,159.71
JAMNAGAR,ST,14.84,19.4,17.69,10.74,20.68,17.12,21.54,38.03,31.86,191.9
JUNAGADH,General,1.85,2.2,2.05,1.37,0.27,0.74,6.93,13.32,10.86,39.59
JUNAGADH,OBC,2.45,1.82,2.12,6.66,2.36,4.37,18.95,17.64,18.22,74.59
JUNAGADH,SC,2.78,2.04,2.39,0,0,0,15.92,21.67,19.02,63.82
JUNAGADH,ST,0,0,0,0,0,0,0,5.84,0,5.84
KACHCHH,General,0.05,1.21,0.66,12.58,4.35,8.19,19.29,26.37,23.38,96.08
KACHCHH,OBC,6.94,6.32,6.62,27.29,19.75,23.19,29.87,44.06,38.69,202.73
KACHCHH,SC,3.22,4.17,3.72,14.77,9.51,12.07,27.59,43.43,36.84,155.32
KACHCHH,ST,10.44,10.12,10.26,20.61,20,20.24,31.97,34.34,33.33,191.31
KHEDA,General,0,0,0,1.83,0,0,20.36,24.34,22.69,69.22
KHEDA,OBC,1.81,1.68,1.74,8.96,3.88,6.24,36.23,33.49,34.6,128.63
KHEDA,SC,0,1.25,0.6,8.34,11.18,9.91,15.35,24.14,20.26,91.03
KHEDA,ST,0,3.2,0.28,3.28,9.49,6.95,19.49,36.42,30.27,109.38
MAHESANA,General,0,1,0.36,1.13,2.47,1.91,10.92,20.94,16.93,55.66
MAHESANA,OBC,1.67,1.66,1.67,12.38,4.89,8.29,24.39,29.34,27.44,111.73
MAHESANA,SC,5.91,4.6,5.22,7.99,3.82,5.76,19.94,25.02,22.86,101.12
MAHESANA,ST,0,0,0,5.19,0,2.34,26.64,27.48,27.09,88.74
MAHISAGAR,General,0,1.02,0,4.75,3.32,4.01,27.14,29.67,28.57,98.48
MAHISAGAR,OBC,1.99,1.64,1.81,6.24,3.53,4.82,31.43,27.52,29.21,108.19
MAHISAGAR,SC,0,1.16,0,0,0,0,17.86,24.13,21.25,64.4
MAHISAGAR,ST,2.04,2.4,2.22,6.85,7.14,7,29.47,33.62,31.72,122.46
MORBI,General,0,0,0,1.41,0,0,8.35,11.59,10.2,31.55
MORBI,OBC,1.91,2.77,2.36,13.97,8.32,10.92,24.81,29.85,27.93,122.84
MORBI,SC,0,1.47,0,4.58,1.17,2.77,23.28,27.07,25.42,85.76
MORBI,ST,12.65,8.44,10.05,10.97,13.93,12.88,14.78,10,11.43,105.13
NARMADA,General,4.72,6.55,5.73,8.54,2.84,5.63,27.69,23.63,25.5,110.83
NARMADA,OBC,0,2.39,0,4.66,8.19,6.53,18.64,30.24,25.15,95.8
NARMADA,SC,0,0,0,0,0,0,16.18,36.54,28.49,81.21
NARMADA,ST,1.66,1.75,1.71,9.76,9.48,9.62,24.76,30.54,27.76,117.04
NAVSARI,General,2.39,1.14,1.71,0.83,0,0,9.33,14.1,11.92,41.42
NAVSARI,OBC,2.37,3.03,2.72,5.27,3.08,4.1,10.77,19.97,15.81,67.12
NAVSARI,SC,0,0,0,0,0,0,13.27,24.76,19.12,57.15
NAVSARI,ST,0.66,0.86,0.77,1.03,0,0.4,18.52,28.5,23.77,74.51
PANCH MAHALS,General,0.2,1.58,0.95,1.47,2.06,1.8,17.57,23.77,21.15,70.55
PANCH MAHALS,OBC,0.08,0.7,0.4,8.95,4.97,6.89,31.86,32.46,32.19,118.5
PANCH MAHALS,SC,3.75,0,1.06,7.32,3.65,5.38,18.62,18.26,18.43,76.47
PANCH MAHALS,ST,1.87,2.9,2.4,14.62,13.72,14.15,32.43,34.72,33.63,150.44
PATAN,General,0,0,0,6.2,1.63,3.68,16.52,22.09,19.77,69.89
PATAN,OBC,2.45,2.49,2.47,17.34,8.16,12.37,32.12,30.86,31.31,139.57
PATAN,SC,4.32,4.82,4.58,13.95,13.85,13.9,29.49,30.75,30.18,145.84
PATAN,ST,0,0,0,5.88,0,0,32.75,35.25,34.45,108.33
PORBANDAR,General,9.55,12.21,10.99,5.37,9.92,7.93,19.4,30.09,25.63,131.09
PORBANDAR,OBC,1.94,4.94,3.52,10.72,9.05,9.85,25.53,35.96,31.13,132.64
PORBANDAR,SC,4.93,4.59,4.76,5.56,7.14,6.38,23.21,37.87,30.33,124.77
PORBANDAR,ST,0,0,0,0,0,0,0,23.66,12.52,36.18
RAJKOT,General,0.24,1.97,1.22,0,0,0,0,10.72,5.9,20.05
RAJKOT,OBC,3.19,3.24,3.22,10.45,4.86,7.39,21.5,26.2,24.32,104.37
RAJKOT,SC,2.9,3.19,3.05,4.52,4.15,4.32,19.37,29.49,24.91,95.9
RAJKOT,ST,10.32,11.41,10.99,15.14,10.85,12.45,13.75,17.19,16.02,118.12
SABAR KANTHA,General,1.67,3.49,2.68,0.78,3.65,2.41,9.08,16.05,13.16,52.97
SABAR KANTHA,OBC,0.7,1.16,0.95,6.95,3.95,5.34,27.22,28.82,28.15,103.24
SABAR KANTHA,SC,0,0,0,0,0,0,13.71,16.55,15.29,45.55
SABAR KANTHA,ST,5.34,6.94,6.17,14.89,14.04,14.44,27.89,33.1,30.74,153.55
SURAT,General,0,0,0,0,0.23,0.08,10.49,15.53,13.42,39.75
SURAT,OBC,4.68,4.18,4.41,10.33,7.68,8.87,15.92,19.78,18.17,94.02
SURAT,SC,0,0.06,0,5.38,7.05,6.28,20.46,28.51,24.98,92.72
SURAT,ST,0,2.62,0.99,7.89,10.07,9.02,22.32,30.68,26.69,110.28
SURENDRANAGAR,General,0,0,0,1.38,2.92,2.26,10.47,15.04,13.08,45.15
SURENDRANAGAR,OBC,2.72,2.97,2.85,19.25,11.9,15.32,30.09,30.34,30.25,145.69
SURENDRANAGAR,SC,1.35,1.79,1.58,10.67,9.95,10.3,23.39,25.66,24.67,109.36
SURENDRANAGAR,ST,11.47,3.5,6.81,26.5,15.27,19.46,19.33,16.88,17.69,136.91
TAPI,General,0,0.58,0,9.34,0.26,4.76,19.02,29.88,24.93,88.77
TAPI,OBC,5.18,0,2.32,2.43,4,3.29,14.56,16.35,15.49,63.62
TAPI,SC,0,0,0,0,3.49,0,9.09,9.29,9.2,31.07
TAPI,ST,0.32,1.65,1,8.35,12.09,10.25,20.41,29.86,25.05,108.98
THE DANGS,General,0,0,0,0,0,0,0,0,0,0
THE DANGS,OBC,0.35,11.01,6.18,14.42,13.86,14.15,25.64,29.41,27.4,142.42
THE DANGS,SC,0,0,0,0,0,0,0,0,0,0
THE DANGS,ST,5.44,5.15,5.29,13.4,16.6,15.04,21.89,24.46,23.14,130.41
VADODARA,General,0,0,0,0,0,0,10.77,17.7,14.78,43.25
VADODARA,OBC,5.38,6.45,5.95,13.29,10.24,11.63,24.98,32.33,29.33,139.58
VADODARA,SC,8.14,7.45,7.77,10.33,8.2,9.19,22.94,37.11,30.93,142.06
VADODARA,ST,4.36,4.99,4.69,14.03,12.39,13.14,34.93,34.2,34.49,157.22
VALSAD,General,3.46,5.6,4.65,8.99,11.71,10.53,11.02,19.21,15.7,90.87
VALSAD,OBC,0,0,0,0,0,0,8.22,11.38,9.93,29.53
VALSAD,SC,0,0,0,0,2.65,0,4.34,11.08,7.83,25.9
VALSAD,ST,1.66,2.73,2.2,7.65,7.69,7.67,23.54,28.95,26.28,108.37
AHMEDABAD,General,5.15,2.89,3.93,7.42,3.61,5.27,14.12,14.02,14.07,70.48
AHMEDABAD,OBC,0,0,0,10.67,3.21,6.6,16.11,20.48,18.85,75.92
AHMEDABAD,SC,0,0,0,5.74,1.44,3.38,8.76,15.31,12.52,47.15
AHMEDABAD,ST,35.37,29.4,32.19,42.03,35.28,38.31,31.33,32.74,32.18,308.83
AMRELI,General,1.38,0,0.16,0,0,0,10,0,4.92,16.46
AMRELI,OBC,1.7,1.78,1.75,12.08,6.34,9.04,27.77,31.17,29.85,121.48
AMRELI,SC,0,0,0,0.16,0,0,23.3,28.96,26.34,78.76
AMRELI,ST,13.92,9.02,10.91,21.33,25.64,24.08,29.59,52.03,46.07,232.59
ANAND,General,0,0,0,1.72,0,0,11.63,14.56,13.35,41.26
ANAND,OBC,2.62,2.84,2.73,11.64,8.04,9.67,30.47,31.23,30.94,130.18
ANAND,SC,0,0,0,0,0,0,27.02,26.11,26.53,79.66
ANAND,ST,8.79,6.79,7.69,10.75,0,4.79,24.41,22.48,23.3,109
ARAVALLI,General,0,0,0,0,0,0,11.3,15.42,13.75,40.47
ARAVALLI,OBC,2.41,0.93,1.65,7.59,3.69,5.53,23.46,20.58,21.84,87.68
ARAVALLI,SC,1.85,0,0.77,3.6,0.75,2.04,18.26,11.75,14.64,53.66
ARAVALLI,ST,5.43,1.5,3.43,7,3.8,5.3,20.07,20.83,20.5,87.86
BANAS KANTHA,General,1.12,0,0.27,12.15,5.11,8.37,18.96,18.39,18.61,82.98
BANAS KANTHA,OBC,3.58,2.99,3.27,19.44,9.82,14.12,21.77,22.79,22.45,120.23
BANAS KANTHA,SC,2.71,3.32,3.02,16.76,9.51,12.89,27.21,24.3,25.4,125.12
BANAS KANTHA,ST,7.46,7.19,7.32,18.88,18.6,18.73,26.08,31.47,29.1,164.83
BHARUCH,General,0,0,0,4.02,0,1.63,8.09,15.97,12.49,42.2
BHARUCH,OBC,0,0,0,5.75,2.72,4.14,20.42,27.91,24.71,85.65
BHARUCH,SC,7.61,7.27,7.43,6.11,4.57,5.29,6.23,27.55,18.27,90.33
BHARUCH,ST,1.18,1.5,1.34,15.46,11.32,13.31,16.93,29.75,24.09,114.88
BHAVNAGAR,General,0,0,0,0,0,0,10.64,10.42,10.52,31.58
BHAVNAGAR,OBC,3.32,2.38,2.83,13.64,7.46,10.34,26.38,24.55,25.28,116.18
BHAVNAGAR,SC,2.19,1.21,1.69,7.07,0.8,3.8,26.43,27.36,26.95,97.5
BHAVNAGAR,ST,0,0,0,0,0,0,0,20.36,12.38,32.74
BOTAD,General,1.69,0,0,3.87,2.96,3.32,22.83,21.88,22.25,78.8
BOTAD,OBC,2.43,2.02,2.22,12.14,5.67,8.66,22.97,19.78,20.95,96.84
BOTAD,SC,3.67,4.51,4.11,12.71,6.37,9.42,35.44,43.12,39.8,159.15
BOTAD,ST,3.47,0,0.8,31.5,12.34,19.13,46.16,21.14,28.57,163.11
CHHOTAUDEPUR,General,0,0,0,0,0,0,18.22,15.06,16.63,49.91
CHHOTAUDEPUR,OBC,4.98,4.16,4.55,11.38,12.7,12.09,15.81,19.57,17.85,103.09
CHHOTAUDEPUR,SC,3.1,0,0,18.86,16.21,17.4,0,31.05,3.22,89.84
CHHOTAUDEPUR,ST,6.84,6.19,6.5,13.67,12.57,13.1,22.05,24.65,23.44,129.01
DEVBHOOMI DWARKA,General,0,0,0,7.35,0,2.53,25.97,26.81,26.5,89.16
DEVBHOOMI DWARKA,OBC,2.36,2.97,2.68,15.19,10.7,12.81,28.24,33.36,31.25,139.56
DEVBHOOMI DWARKA,SC,0,0,0,14.27,4.54,9.4,32.53,41.62,37.87,140.23
DEVBHOOMI DWARKA,ST,25.71,24.47,25.02,26.19,25.97,26.07,32.59,25.78,29.04,240.84
DOHAD,General,8.6,0,3.74,4.39,2.15,3.22,33.04,2.71,19.14,76.99
DOHAD,OBC,2.58,2.92,2.76,7.97,6.96,7.44,14.19,15.89,15.11,75.82
DOHAD,SC,0,0,0,7.8,7.13,7.45,33.74,45.59,40.4,142.11
DOHAD,ST,5.34,4.22,4.76,14.27,11.31,12.74,20.72,18.57,19.57,111.5
GANDHINAGAR,General,0,0,0,0,0,0,2.56,4.21,3.6,10.37
GANDHINAGAR,OBC,1.53,0.01,0.74,8.8,1.88,4.99,22.45,21.53,21.87,83.8
GANDHINAGAR,SC,0.44,1.1,0.8,5.6,1.84,3.49,3.73,10.62,7.74,35.36
GANDHINAGAR,ST,1.55,1.66,1.61,5.65,0.21,2.42,7.25,10.43,9.15,39.93
GIR SOMNATH,General,0,0,0,6.44,3.01,4.59,25.17,29.48,27.79,96.48
GIR SOMNATH,OBC,2.14,2.33,2.24,11.06,8.01,9.47,22.99,21.93,22.4,102.57
GIR SOMNATH,SC,0.2,0,0,6.73,5.46,6.08,27.16,25.04,26.06,96.73
GIR SOMNATH,ST,0,0,0,0,2.5,0,49.75,35.42,41.5,129.17
JAMNAGAR,General,0,0,0,0,0,0,0,0,0,0
JAMNAGAR,OBC,13.95,12.47,13.2,23.64,19.09,21.25,39.13,41.31,40.36,224.4
JAMNAGAR,SC,0,0,0,0,0,0,16.71,33.5,26.28,76.49
JAMNAGAR,ST,2.47,4.08,3.49,0,0,0,4.64,15.81,11.64,42.13
JUNAGADH,General,2.45,1.65,2.01,7.19,2.74,4.56,11.02,14.35,13.02,58.99
JUNAGADH,OBC,2.37,3.35,2.88,3.8,0.41,1.99,18.78,19.32,19.09,71.99
JUNAGADH,SC,0,0,0,0,0,0,20.45,22.44,21.53,64.42
JUNAGADH,ST,0,0,0,0,0,0,0,0,0,0
KACHCHH,General,0,1.31,0.42,10.81,7.72,9.15,18.64,25.09,22.38,95.52
KACHCHH,OBC,2.55,0.07,1.26,21.29,12.91,16.76,22.79,32.96,29.21,139.8
KACHCHH,SC,0,0,0,9.22,3.07,6.06,22.74,32.7,28.68,102.47
KACHCHH,ST,11.42,11.45,11.43,21.17,19.64,20.23,14.01,52.05,38.02,199.42
KHEDA,General,0,0,0,1.12,0,0,19.13,20.73,20.07,61.05
KHEDA,OBC,1.24,1.33,1.29,8.21,4.22,6.06,35.11,33.87,34.37,125.7
KHEDA,SC,3.92,0,1.87,10.26,7,8.48,27.56,31.29,29.65,120.03
KHEDA,ST,0,0,0,6.26,1.41,3.42,22.05,29.8,27.04,89.98
MAHESANA,General,0.91,0,0.03,2.58,0.88,1.57,9.91,18.49,15.1,49.47
MAHESANA,OBC,1.63,1.34,1.47,10.54,3.74,6.78,24.03,28.07,26.53,104.13
MAHESANA,SC,2.58,0.16,1.32,4.56,1.47,2.89,23.67,27.25,25.75,89.65
MAHESANA,ST,0,2.53,0,8.7,6.95,7.76,21.32,21.1,21.21,89.57
MAHISAGAR,General,3.24,0.86,2.01,3.42,3.02,3.2,21.4,19.79,20.49,77.43
MAHISAGAR,OBC,0.69,0.49,0.59,3.84,1.38,2.54,24.17,19.22,21.37,74.29
MAHISAGAR,SC,0,0,0,0.93,0.08,0.47,18.04,19.54,18.89,57.95
MAHISAGAR,ST,1.96,2.08,2.02,5.68,2.66,4.11,16.47,15.88,16.16,67.02
MORBI,General,0.48,0.21,0.34,0.37,0,0,7.28,7.92,7.63,24.23
MORBI,OBC,2.44,1.53,1.96,17.65,8.56,12.78,28.4,28.5,28.47,130.29
MORBI,SC,0.38,0.31,0.34,3.46,5.44,4.54,29.17,30.41,29.88,103.93
MORBI,ST,9.67,15.41,13.31,28.34,33.47,31.91,27.03,47.86,42.31,249.31
NARMADA,General,2.67,0,1.13,1.81,9.48,5.9,28.21,28.82,28.55,106.57
NARMADA,OBC,0,0,0,0.89,0.96,0.93,21.1,32.08,27.42,83.38
NARMADA,SC,25,34.06,29.53,22.81,15.73,19.19,27.16,25,25.97,224.45
NARMADA,ST,3.04,2.37,2.69,12.7,11.45,12.05,29.55,30.37,29.97,134.19
NAVSARI,General,2.69,1.86,2.25,2.08,5,3.68,7.22,18.75,13.67,57.2
NAVSARI,OBC,0,0.46,0.21,5.09,3.2,4.09,8.15,17.31,13.17,51.68
NAVSARI,SC,0,0,0,0,0,0,14.02,27.79,21.36,63.17
NAVSARI,ST,0.69,0.51,0.6,1.11,0,0.17,17.66,26.7,22.37,69.81
PANCH MAHALS,General,0,0,0,3.63,0,0.66,17.19,12.54,14.6,48.62
PANCH MAHALS,OBC,2.02,1.49,1.74,9.07,7.38,8.18,23.6,23.62,23.61,100.71
PANCH MAHALS,SC,1.86,1.58,1.72,7.83,7.99,7.91,22.27,25.04,23.77,99.97
PANCH MAHALS,ST,2.39,2.62,2.51,14,14.33,14.17,21.1,24.1,22.68,117.9
PATAN,General,4.13,4.72,4.44,9.8,5.44,7.37,13.11,20.35,17.42,86.78
PATAN,OBC,1.33,0.91,1.11,17.96,8.01,12.58,30.21,28.77,29.29,130.17
PATAN,SC,1.07,0.63,0.84,8.13,6.98,7.51,25.15,29.59,27.74,107.64
PATAN,ST,26.01,19.17,22.51,34.32,23.14,27.73,56.67,55.95,56.2,321.7
PORBANDAR,General,8.93,5.54,7.12,1.13,0,0,9.64,26.38,19.84,78.58
PORBANDAR,OBC,4.95,3.45,4.18,12.07,12.87,12.5,28.85,35.84,32.59,147.3
PORBANDAR,SC,0,0,0,4.3,0,1.05,23.97,32.53,28.16,90.01
PORBANDAR,ST,0,0,0,0,0,0,3.81,0,0,3.81
RAJKOT,General,1.22,0,0.5,1.62,0,0.55,2.8,6.72,5.1,18.51
RAJKOT,OBC,2.56,1.63,2.07,9.72,2.39,5.71,16.51,19.38,18.25,78.22
RAJKOT,SC,1.19,0,0.27,6.45,0.47,3.27,22.7,29.14,26.24,89.73
RAJKOT,ST,8.71,4.6,6.23,18.68,4.32,9.8,12.37,33.83,26.71,125.25
SABAR KANTHA,General,0,0,0,0,0,0,6.25,13.58,10.54,30.37
SABAR KANTHA,OBC,2.72,2.5,2.61,8.39,5.63,6.89,26.09,24.77,25.31,104.91
SABAR KANTHA,SC,2.82,3.17,3.01,4.86,3.38,4.06,18.16,21.84,20.27,81.57
SABAR KANTHA,ST,6.53,6.22,6.37,15.75,14.02,14.83,24.46,22.09,23.2,133.47
SURAT,General,0,0,0,3.38,1.71,2.43,8.4,11.92,10.47,38.31
SURAT,OBC,1.49,2.06,1.8,6.85,3.2,4.83,17.35,20.48,19.19,77.25
SURAT,SC,0.61,0,0,10.66,2.74,6.51,23.9,32.11,28.62,105.15
SURAT,ST,4.42,4.07,4.24,11.02,9.7,10.34,19.99,28.33,24.38,116.49
SURENDRANAGAR,General,0,0,0,0,0,0,10.41,14.56,12.86,37.83
SURENDRANAGAR,OBC,5.38,6.53,5.98,20.68,15.56,17.93,26.43,26.32,26.36,151.17
SURENDRANAGAR,SC,0,0,0,3.9,0.93,2.33,27.84,29.13,28.58,92.71
SURENDRANAGAR,ST,9.01,6.08,7.31,40.92,29.25,33.9,22.12,41.37,36.82,226.78
TAPI,General,13.29,15.05,14.22,17.68,18.61,18.16,30.29,31.76,31.09,190.15
TAPI,OBC,4.87,0.84,2.75,5.19,6.4,5.83,14.62,24.86,20.3,85.66
TAPI,SC,0,0,0,0,0,0,44.49,50.37,47.69,142.55
TAPI,ST,1.42,0.89,1.15,9.12,9.92,9.52,17.44,22.52,19.93,91.91
THE DANGS,General,0,0,0,4.76,34.67,21.01,26.93,25,25.8,138.17
THE DANGS,OBC,2.15,7.05,4.75,15.45,15.58,15.51,10.17,33.33,23.57,127.56
THE DANGS,SC,29.21,21.13,25.62,27.5,7.84,16.48,21.74,57.89,38.1,245.51
THE DANGS,ST,6.59,6.32,6.45,16.53,18.79,17.69,22.15,21.56,21.87,137.95
VADODARA,General,2.85,2.81,2.83,6.74,3.91,5.18,13.92,21.23,18.16,77.63
VADODARA,OBC,0,0,0,7.76,1.61,4.44,26.82,32.7,30.34,103.67
VADODARA,SC,0,0,0,2.48,0.73,1.53,19.02,31.65,26.31,81.72
VADODARA,ST,3.72,1.17,2.38,16.35,10.54,13.19,33.19,35.99,34.86,151.39
VALSAD,General,0.1,0,0,0.9,0,0,6.92,8.56,7.84,24.32
VALSAD,OBC,3.08,1.55,2.27,3.77,5.22,4.55,8.49,11.21,9.98,50.12
VALSAD,SC,10.6,15.19,13.09,11.26,6.67,8.75,12.54,29.25,21.85,129.2
VALSAD,ST,2.89,2.42,2.65,9.44,10.69,10.07,20.75,25.1,22.98,106.99
AHMEDABAD,General,0,0,0,0.28,0,0,5.27,12.37,9.44,27.36
AHMEDABAD,OBC,6.85,6.71,6.77,16.93,11.16,13.75,33.79,35.73,35.01,166.7
AHMEDABAD,SC,0,0,0,6.86,4.9,5.78,29.34,33.69,31.87,112.44
AHMEDABAD,ST,0,0,0,0,0,0,0,0,0,0
AMRELI,General,0,0,0,0,6.85,2.08,5.27,17.3,11.37,42.87
AMRELI,OBC,2.57,2.45,2.51,12.62,6.51,9.36,32.63,28.24,29.96,126.85
AMRELI,SC,2.94,3.43,3.2,4.27,2.35,3.27,32,35.7,34.01,121.17
AMRELI,ST,0,3.26,0.23,0,0,0,30.64,0,6.73,40.86
ANAND,General,0,0,0,3.47,4.72,4.16,25.08,23.86,24.37,85.66
ANAND,OBC,2.68,2.44,2.56,11.57,5.37,8.17,34.66,35.21,35.01,137.67
ANAND,SC,2.2,3.35,2.81,0,0,0,14.76,30.77,23.87,77.76
ANAND,ST,0,0,0,0,0,0,23,29.14,26.66,78.8
ARAVALLI,General,1.41,0,0.33,0,0,0,2.28,0.46,1.19,5.67
ARAVALLI,OBC,0.89,0.76,0.82,7.09,4.74,5.83,26.9,28.39,27.75,103.17
ARAVALLI,SC,4.65,3.37,3.98,6.67,3.5,4.93,15.8,20.92,18.66,82.48
ARAVALLI,ST,0.71,0.28,0.5,0,0,0,20.09,22.85,21.59,66.02
BANAS KANTHA,General,2.51,3.81,3.19,14.01,6.36,9.87,23.28,21.83,22.38,107.24
BANAS KANTHA,OBC,0.63,0,0,15.26,7.74,11.04,29.87,30.74,30.47,125.75
BANAS KANTHA,SC,0,0,0,11.22,5.37,8.08,33.29,31.45,32.13,121.54
BANAS KANTHA,ST,3.75,3.09,3.4,14.27,13.3,13.74,26.33,31.19,29.1,138.17
BHARUCH,General,0,1.75,0.47,5.68,3.5,4.5,25.22,30.01,27.85,98.98
BHARUCH,OBC,4.98,4.67,4.82,11.71,9.18,10.34,29.8,38.06,34.47,148.03
BHARUCH,SC,0,0,0,0,0,0,22.12,37.49,31.09,90.7
BHARUCH,ST,1.4,0.01,0.69,13.23,10.43,11.77,40.85,39.77,40.25,158.4
BHAVNAGAR,General,0,0,0,2.27,0.32,1.14,8.57,16.49,13.27,42.06
BHAVNAGAR,OBC,0,0,0,8.71,4.73,6.56,24.48,26.58,25.78,96.84
BHAVNAGAR,SC,5.11,5.6,5.36,14.12,9.76,11.88,26.36,32.65,30.04,140.88
BHAVNAGAR,ST,6.42,14.63,11.31,23.76,30.72,28.02,0,0,0,114.86
BOTAD,General,2.22,0.9,1.49,0,0,0,21.42,18.57,19.7,64.3
BOTAD,OBC,2,2.24,2.12,13.63,6.39,9.69,30.21,29.5,29.75,125.53
BOTAD,SC,2.93,4.65,3.85,6.57,6.29,6.42,26.03,28.58,27.48,112.8
BOTAD,ST,0.61,11.87,7.62,29.88,21.71,24.61,35.71,36.06,35.98,204.05
CHHOTAUDEPUR,General,0.99,3.37,2.29,9.51,6.02,7.74,34.59,21.09,28.28,113.88
CHHOTAUDEPUR,OBC,0,0,0,9.48,2.37,5.79,23,27.28,25.31,93.23
CHHOTAUDEPUR,SC,0,4.61,1.97,2.69,0,0,25.31,21.04,22.91,78.53
CHHOTAUDEPUR,ST,5.81,6.77,6.3,11.41,12.46,11.96,20.31,24.99,22.85,122.86
DEVBHOOMI DWARKA,General,3.88,7.48,5.82,14.85,10.87,12.65,22.46,30.84,27.91,136.76
DEVBHOOMI DWARKA,OBC,2.36,2.75,2.56,14.89,10.57,12.58,30.29,35.04,33.15,144.19
DEVBHOOMI DWARKA,SC,0,0,0,10.24,8.22,9.2,35.01,43.41,40.14,146.22
DEVBHOOMI DWARKA,ST,0,0,0,0,0,0,25.86,37.34,32.33,95.53
DOHAD,General,0,0,0,0,0,0,0,0,0,0
DOHAD,OBC,5.1,4.48,4.78,10.07,9.5,9.77,29.5,33.09,31.43,137.72
DOHAD,SC,14.22,13.26,13.71,12.17,3.47,7.65,11.37,8.27,9.77,93.89
DOHAD,ST,3.39,4.19,3.8,8.34,9.76,9.09,22.35,22.88,22.64,106.44
GANDHINAGAR,General,0,0,0,0,0,0,0,6.5,3.67,10.17
GANDHINAGAR,OBC,0,0.06,0,8.23,0.85,4.15,26.25,27.57,27.09,94.2
GANDHINAGAR,SC,0,0,0,0,0,0,12.06,20.22,16.96,49.24
GANDHINAGAR,ST,0,0,0,0,0,0,0,0,0,0
GIR SOMNATH,General,2.42,1.07,1.7,12.02,2.97,7.18,29.74,26.85,28.04,111.99
GIR SOMNATH,OBC,0.92,1.58,1.27,10.27,8.36,9.27,25.07,25.51,25.32,107.57
GIR SOMNATH,SC,0.98,2.76,1.89,6.12,6.25,6.18,19.11,19.66,19.38,82.33
GIR SOMNATH,ST,0,3.73,1.88,0,0,0,12.31,3.14,6.91,27.97
JAMNAGAR,General,35.46,31.72,33.45,31.91,28.25,29.93,41,38.67,39.75,310.14
JAMNAGAR,OBC,0,0,0,0,0,0,4.92,21.72,14.8,41.44
JAMNAGAR,SC,10.41,11.66,11.04,17.29,10.61,13.9,39.83,38.05,38.86,191.65
JAMNAGAR,ST,9.85,10.26,10.11,27.16,23.42,24.82,0,29.65,16.42,151.69
JUNAGADH,General,1.78,2.15,1.99,6.18,2.29,3.88,10.57,13.14,12.1,54.08
JUNAGADH,OBC,1.38,1.1,1.24,3.43,1.63,2.46,20.45,21.5,21.05,74.24
JUNAGADH,SC,1.89,1.54,1.72,0.4,0,0,21.3,27.25,24.6,78.7
JUNAGADH,ST,0,0,0,0,0,0,5.87,0,0.22,6.09
KACHCHH,General,4.34,3.23,3.75,11.53,7.22,9.22,17.04,30.67,25.18,112.18
KACHCHH,OBC,1.39,2.61,2.03,17.54,11.38,14.19,25.8,35.09,31.83,141.86
KACHCHH,SC,2.34,1.47,1.89,12.27,6.28,9.16,29.16,39.6,35.62,137.79
KACHCHH,ST,8.76,4.25,6.24,14.01,15.12,14.71,15.87,26.3,22.9,128.16
KHEDA,General,0,0.08,0,3.61,1.44,2.43,22.87,30.19,27.32,87.94
KHEDA,OBC,0.13,0,0,7.62,2.3,4.75,37.42,36.03,36.57,124.82
KHEDA,SC,0,0,0,6.51,7.64,7.13,27.28,33.33,30.73,112.62
KHEDA,ST,6.44,0.07,2.95,15.62,7.88,11.07,30.1,39.24,35.92,149.29
MAHESANA,General,0,0,0,1.91,0.49,1.06,8,15.66,12.62,39.74
MAHESANA,OBC,0.97,0.41,0.67,8.47,2.79,5.31,27.91,30.71,29.66,106.9
MAHESANA,SC,0.91,0.38,0.64,2.84,0.18,1.38,13.39,26.48,21.06,67.26
MAHESANA,ST,0,0,0,0,0,0,18.58,35.69,28.87,83.14
MAHISAGAR,General,4.87,5.03,4.95,4.57,4.54,4.56,15.23,18.33,17.01,79.09
MAHISAGAR,OBC,0,0.25,0,2.92,0.51,1.64,26.65,20.02,22.91,74.9
MAHISAGAR,SC,9.62,8.14,8.83,7.27,7.03,7.14,4.94,15.8,11.28,80.05
MAHISAGAR,ST,1.19,1.81,1.5,6.19,6.04,6.11,22.71,27.25,25.12,97.92
MORBI,General,0.78,0,0.02,0,0,0,5.6,11.73,9.14,27.27
MORBI,OBC,1.25,2.16,1.72,15.26,9.29,12.02,29.16,27.82,28.3,126.98
MORBI,SC,1.52,0,0.57,8.14,4.07,5.91,27,24.81,25.81,97.83
MORBI,ST,4.09,0,0,10.7,0,0.76,18.06,38.07,33.45,105.13
NARMADA,General,6.2,2.3,4.17,5.26,1.21,3.13,11.42,18.51,15.35,67.55
NARMADA,OBC,7.65,5.57,6.57,9.77,4.21,6.77,35.02,37.04,36.11,148.71
NARMADA,SC,0,0,0,0,0,0,30.24,31.37,30.85,92.46
NARMADA,ST,1.33,1.81,1.57,9.29,11.23,10.29,32.07,33.74,32.94,134.27
NAVSARI,General,0.38,1.88,1.19,4.07,3.34,3.67,8.9,14.94,12.25,50.62
NAVSARI,OBC,2.48,1.32,1.88,4.59,0.86,2.63,7.64,18.69,13.89,53.98
NAVSARI,SC,0.36,0,0,0,0,0,28.23,24.96,26.49,80.04
NAVSARI,ST,0.47,0.64,0.56,0,0.38,0.02,22.14,28.85,25.69,78.75
PANCH MAHALS,General,0,0.09,0,3.86,6.65,5.42,18.3,22.49,20.67,77.48
PANCH MAHALS,OBC,0.58,0.49,0.53,8.54,4.26,6.28,28.24,27.84,28.02,104.78
PANCH MAHALS,SC,0,0,0,1.44,4.44,3.04,20.22,20.87,20.59,70.6
PANCH MAHALS,ST,2.33,2.54,2.44,11.7,11.55,11.62,25.6,32.67,29.43,129.88
PATAN,General,0,0,0,8.78,1.48,4.77,9.71,18.34,14.91,57.99
PATAN,OBC,1.66,1.12,1.38,14,6.72,10.01,37.09,35.79,36.24,144.01
PATAN,SC,0.49,0,0.15,8.16,5.45,6.68,32.76,32.78,32.77,119.24
PATAN,ST,0,0,0,0.89,0,0,20.81,25.12,23.72,70.54
PORBANDAR,General,0,0,0,4.48,0,0,18.95,27.34,23.84,74.61
PORBANDAR,OBC,1.65,2.25,1.97,9.38,5.54,7.39,16.32,32.97,25.7,103.17
PORBANDAR,SC,4.09,7.18,5.65,7.27,12.07,9.71,28.81,41.19,34.91,150.88
PORBANDAR,ST,8.59,8.84,8.73,20.07,15.89,17.62,30.93,46.41,41.01,198.09
RAJKOT,General,0,0,0,0,0,0,0.97,8.95,5.79,15.71
RAJKOT,OBC,4.43,3.9,4.15,9.92,4.79,7.08,20.76,21.85,21.42,98.3
RAJKOT,SC,0.22,1.62,0.96,3.65,4.77,4.25,25.09,28.73,27.07,96.36
RAJKOT,ST,4.2,5.29,4.86,21.17,12.16,15.76,26.99,21.63,23.43,135.49
SABAR KANTHA,General,1.9,1.79,1.84,0,0,0,9.8,10.17,10.01,35.51
SABAR KANTHA,OBC,0.8,0.64,0.71,8.42,5.43,6.79,31.21,30.41,30.73,115.14
SABAR KANTHA,SC,0.18,0.62,0.42,2.46,1.19,1.76,21.43,22,21.75,71.81
SABAR KANTHA,ST,2.67,2.66,2.66,10.88,12.05,11.5,30.64,31.7,31.21,135.97
SURAT,General,1.77,0.15,0.87,5.86,3.45,4.49,13.67,14.88,14.37,59.51
SURAT,OBC,0,0,0,2.53,2.91,2.74,11.5,14.34,13.21,47.23
SURAT,SC,3.76,6.49,5.21,7.87,8.26,8.08,18.55,25.45,22.57,106.24
SURAT,ST,0,0,0,5.79,3.67,4.69,20.4,27.96,24.4,86.91
SURENDRANAGAR,General,18.95,22.98,21.19,14.18,18.84,16.9,15.82,17.12,16.6,162.58
SURENDRANAGAR,OBC,0,0,0,14.12,7.28,10.43,31.83,31.67,31.73,127.06
SURENDRANAGAR,SC,5.78,7.94,6.89,10.69,9.27,9.93,30.01,27.11,28.41,136.03
SURENDRANAGAR,ST,0.26,0,0,9.93,8.8,9.24,60.59,46.97,51.06,186.85
TAPI,General,0,0,0,0,0,0,22.93,27.97,25.75,76.65
TAPI,OBC,3.96,4.37,4.18,5.91,4.7,5.26,34.52,41.86,38.69,143.45
TAPI,SC,15.27,10.88,12.93,0,0,0,0,0,0,39.08
TAPI,ST,0.32,1.04,0.68,7.74,8.68,8.21,20.44,26.04,23.19,96.34
THE DANGS,General,19.51,24.29,22.05,8.62,7.04,7.75,35.9,51.22,43.75,220.13
THE DANGS,OBC,0,0,0,2.79,0,0,32.88,35.22,34.16,105.05
THE DANGS,SC,19.39,21.5,20.42,0,0,0,33.33,19.04,26.67,140.35
THE DANGS,ST,5.22,5.06,5.13,14.89,15.99,15.45,19.46,22.38,20.88,124.46
VADODARA,General,0,0,0,5.07,1.51,3.09,18.07,25.14,22.18,75.06
VADODARA,OBC,0.11,0.46,0.29,7.7,2.87,5.05,24.66,36.32,31.78,109.24
VADODARA,SC,0.98,2.27,1.68,2.81,2.14,2.44,25.37,31.01,28.64,97.34
VADODARA,ST,1.83,0.95,1.37,11.8,7.8,9.61,30.55,37.06,34.5,135.47
VALSAD,General,2.67,4.69,3.78,8.38,9,8.74,17,23.2,20.55,98.01
VALSAD,OBC,0,0,0,0,0,0,2.4,7.49,5.19,15.08
VALSAD,SC,0,0,0,0,0,0,12.19,0,2.59,14.78
VALSAD,ST,2.48,2.99,2.73,8.06,7.68,7.87,25.31,29.25,27.37,113.74
AHMEDABAD,General,0.5,0.42,0.45,3.01,0.89,1.82,9.91,12.97,11.69,41.66
AHMEDABAD,OBC,0,0,0,8.87,2.46,5.29,22.21,27,25.24,91.07
AHMEDABAD,SC,1.59,0.17,0.84,5.57,0.99,3.05,22.02,26.08,24.37,84.68
AHMEDABAD,ST,0.04,3.54,1.94,12.11,2.68,6.81,16.11,27.81,23.33,94.37
AMRELI,General,4.69,8.22,6.69,1.31,8.47,5.25,8.39,30.41,20.28,93.71
AMRELI,OBC,2.84,2.22,2.51,16.12,7.95,11.77,33.05,32.15,32.51,141.12
AMRELI,SC,0,0.15,0,2.66,0.24,1.39,27.51,32.12,30.01,94.08
AMRELI,ST,5.5,0,0,9.52,3.96,6.07,20.45,38.12,31.85,115.47
ANAND,General,3.52,2.47,2.95,8.1,2.86,5.22,20.4,18.3,19.2,83.02
ANAND,OBC,0,0,0,7.12,1.06,3.78,33.85,32.44,32.97,111.22
ANAND,SC,9.58,7.21,8.33,13.04,10.28,11.56,22.57,32.25,28.22,143.04
ANAND,ST,0,0,0,1.07,2.48,1.92,19.14,43.75,34.37,102.73
ARAVALLI,General,9.05,3.12,5.85,15.31,4.13,9.14,7.88,5.33,6.37,66.18
ARAVALLI,OBC,0,0,0,4.29,2.39,3.26,31.8,28.25,29.79,99.78
ARAVALLI,SC,0,0,0,3.66,1.52,2.49,20.12,17.65,18.77,64.21
ARAVALLI,ST,0.68,0.43,0.55,2.11,0.59,1.3,21.26,24.61,23.02,74.55
BANAS KANTHA,General,0,0.26,0,10.29,5.69,7.76,25.82,26.16,26.03,102.01
BANAS KANTHA,OBC,2.65,1.81,2.2,17.34,8.54,12.32,31.18,31.75,31.58,139.37
BANAS KANTHA,SC,2.66,2.69,2.67,15.84,7.83,11.53,32.02,30.89,31.31,137.44
BANAS KANTHA,ST,3.95,3.25,3.58,12.08,10.6,11.25,31.74,30.42,31,137.87
BHARUCH,General,0,0,0,0.66,0,0,12.08,22.33,17.82,52.89
BHARUCH,OBC,0,0.15,0,4.36,0.19,2.09,17.18,30.74,24.89,79.6
BHARUCH,SC,11.81,12.89,12.38,18.89,9.77,14.09,31.25,35.34,33.5,179.92
BHARUCH,ST,1.01,1.07,1.04,12.02,9.11,10.51,33.58,39.49,36.91,144.74
BHAVNAGAR,General,1.19,0,0.31,4.11,2.09,2.96,5.78,5,5.32,26.76
BHAVNAGAR,OBC,1.28,1.19,1.24,14.22,7.85,10.76,27.83,24.27,25.64,114.28
BHAVNAGAR,SC,2.48,5.21,3.9,4.94,2.09,3.43,24.29,20.5,22.16,89
BHAVNAGAR,ST,0,0,0,4.21,0,0,36.79,31.29,33.4,105.69
BOTAD,General,0,0,0,0,0,0,16.53,12.66,14.26,43.45
BOTAD,OBC,0,0,0,15.05,5.82,9.98,29.19,29.04,29.09,118.17
BOTAD,SC,0.6,0,0,10.07,3.78,6.78,35.12,37.3,36.36,130.01
BOTAD,ST,0,0,0,0,0,0,40,16.67,23.81,80.48
CHHOTAUDEPUR,General,2.23,0.33,1.21,0,0.56,0,1.06,39.61,24.92,69.92
CHHOTAUDEPUR,OBC,4.77,2.01,3.35,2.51,7.94,5.38,42.47,42.58,42.53,153.54
CHHOTAUDEPUR,SC,11.61,14.98,13.41,12.84,18.46,16.05,46.85,55.32,52.01,241.53
CHHOTAUDEPUR,ST,4.17,4.4,4.3,12.47,10.58,11.47,43.05,40.06,41.46,171.96
DEVBHOOMI DWARKA,General,0,0,0,4.54,0,0,19.54,24.23,22.42,70.73
DEVBHOOMI DWARKA,OBC,0,0,0,14.13,7.11,10.39,30.58,35.48,33.55,131.24
DEVBHOOMI DWARKA,SC,1.38,4.38,2.95,13.31,13.37,13.34,33.54,44.83,40.55,167.65
DEVBHOOMI DWARKA,ST,0,1.03,0,12.72,0,5.09,3.57,39.39,31.5,93.3
DOHAD,General,10.24,12.48,11.44,9.04,19.95,15.01,0,26.74,14.95,119.85
DOHAD,OBC,0,0,0,2.02,0.26,1.09,27.66,21.84,24.6,77.47
DOHAD,SC,12.41,17.26,15.04,21.14,24.35,22.79,40.77,22.23,31.87,207.86
DOHAD,ST,4.71,4.65,4.68,11.4,11.08,11.23,35.47,34.42,34.91,152.55
GANDHINAGAR,General,1.13,0,0.04,0,0,0,4.4,6.1,5.47,17.14
GANDHINAGAR,OBC,0,0,0,9.19,1.7,5,24.13,25.18,24.8,90
GANDHINAGAR,SC,4.28,2.75,3.45,3.73,1.66,2.54,8.4,13.27,11.32,51.4
GANDHINAGAR,ST,0,0,0,0,0,0,11.91,17.41,15.33,44.65
GIR SOMNATH,General,6.48,6.91,6.71,9.22,8.03,8.57,21.49,23.35,22.58,113.34
GIR SOMNATH,OBC,0.14,0,0,10.92,7.03,8.88,25.56,28.16,27.04,107.73
GIR SOMNATH,SC,2.96,4.06,3.53,6.47,7.51,7,18.03,18.8,18.42,86.78
GIR SOMNATH,ST,11.34,25.76,19.81,0,8.18,0,45.49,31.14,37.66,179.38
JAMNAGAR,General,0,1.25,0,0,7.06,1.89,14.41,17.96,16.35,58.92
JAMNAGAR,OBC,4.63,7.25,6,13.27,11.32,12.21,21.86,31.42,27.66,135.62
JAMNAGAR,SC,2.01,1.21,1.6,8.63,8.31,8.46,15.91,30.28,24.2,100.61
JAMNAGAR,ST,18.62,16.57,17.34,21.53,23.26,22.63,57.97,52.21,54.4,284.53
JUNAGADH,General,0.75,1.46,1.15,0,0.63,0,11.96,18.92,16.18,51.05
JUNAGADH,OBC,0.9,0.64,0.77,2.93,0,1.08,16.91,19.88,18.61,61.72
JUNAGADH,SC,0,0,0,0,0,0,19.12,20.63,19.96,59.71
JUNAGADH,ST,3.31,0.54,1.7,13.39,6.53,9.45,0,8.54,3.92,47.38
KACHCHH,General,5.61,4.88,5.23,14.85,9.44,11.93,19.87,28.43,24.88,125.12
KACHCHH,OBC,0,0.1,0,16.7,10.48,13.27,29.74,40.98,37.1,148.37
KACHCHH,SC,3.73,3.51,3.62,15.31,7.44,11.17,24.38,36.5,32.25,137.91
KACHCHH,ST,8.73,5.45,6.88,25.41,15.92,19.59,37.6,46.36,43.18,209.12
KHEDA,General,1.74,1.22,1.46,4.55,1.45,2.82,29.54,25.31,27.03,95.12
KHEDA,OBC,0.52,0.57,0.55,9.67,4.24,6.73,45.61,43.43,44.28,155.6
KHEDA,SC,0,0,0,4.06,2.32,3.12,31.08,35.05,33.36,108.99
KHEDA,ST,0,0,0,8.29,5.06,6.37,35.48,36.66,36.23,128.09
MAHESANA,General,0,0,0,0,0,0,8.64,20.17,15.63,44.44
MAHESANA,OBC,0.38,0.32,0.35,8.84,3.3,5.71,27.16,30.44,29.23,105.73
MAHESANA,SC,0,1.14,0.43,4.49,3.67,4.04,26.4,29.26,28.07,97.5
MAHESANA,ST,0,0,0,0,2.71,1.05,0,23.03,10.88,37.67
MAHISAGAR,General,2.26,2.34,2.3,11.68,10.13,10.83,30.56,30.94,30.78,131.82
MAHISAGAR,OBC,1.34,2.32,1.85,5.49,3.96,4.67,40.55,36.55,38.31,135.04
MAHISAGAR,SC,1.4,0.79,1.07,6.56,6.83,6.71,51.5,35.06,43.14,153.06
MAHISAGAR,ST,2.08,2.19,2.14,5.75,3.11,4.37,35.5,33.07,34.24,122.45
MORBI,General,2.83,1.8,2.27,3.03,2.34,2.65,11.45,13.81,12.8,52.98
MORBI,OBC,0.87,0.44,0.65,15.94,7.4,11.32,28.02,29.1,28.72,122.46
MORBI,SC,3.65,2.89,3.24,7.11,5.17,6.07,26.07,31.52,29.21,114.93
MORBI,ST,0,0,0,24,9.4,14.12,50.96,35.55,41.48,175.51
NARMADA,General,0,1.83,0,9.79,7.48,8.58,35.1,34.41,34.7,131.89
NARMADA,OBC,0.41,0,0.17,6.95,1.56,4.14,31.49,38.8,35.59,119.11
NARMADA,SC,13.48,15.27,14.37,16.97,12.63,14.6,72.68,67.12,69.88,297
NARMADA,ST,1.79,1.07,1.42,10.29,8.63,9.43,39.4,40.78,40.11,152.92
NAVSARI,General,0,0,0,0.63,0,0,6.77,12.67,10.04,30.11
NAVSARI,OBC,0,0,0,1.71,0.85,1.25,8.98,16.65,13.28,42.72
NAVSARI,SC,10.8,14.86,12.96,4.82,13.54,9.57,7.18,31.52,20.89,126.14
NAVSARI,ST,0.72,0.42,0.56,1.3,0,0.12,26.15,31.97,29.2,90.44
PANCH MAHALS,General,0,0,0,0,0,0,21.93,26,24.29,72.22
PANCH MAHALS,OBC,0.38,0,0.15,9.15,5.34,7.13,41.74,39.52,40.51,143.92
PANCH MAHALS,SC,6.25,3.36,4.78,12.31,12.72,12.54,38.94,29.67,33.77,154.34
PANCH MAHALS,ST,2.35,2.08,2.21,11.98,12.21,12.1,40.49,40.14,40.31,163.87
PATAN,General,0,0,0,5.64,2.91,4.12,17.82,22.56,20.71,73.76
PATAN,OBC,1.33,1.14,1.23,14.55,7.07,10.41,32.08,31.6,31.76,131.17
PATAN,SC,2.95,2.34,2.63,9.93,4.58,7.03,30.39,32.46,31.62,123.93
PATAN,ST,0,0,0,2.34,0,0.67,6.58,31.51,24.44,65.54
PORBANDAR,General,0,3.37,1.75,4.73,0.09,2.15,7.5,23.85,17.17,60.61
PORBANDAR,OBC,0.49,0.74,0.62,11.79,8.54,10.1,24.15,31.02,28,115.45
PORBANDAR,SC,1.05,3.27,2.19,3.67,5.78,4.74,17.98,29.31,23.99,91.98
PORBANDAR,ST,0,0,0,0,0,0,7.58,0,0,7.58
RAJKOT,General,0,0,0,0,0,0,0,7.37,4.33,11.7
RAJKOT,OBC,2.17,2.91,2.57,10.3,5.62,7.71,16.56,22.05,19.94,89.83
RAJKOT,SC,3.26,0.96,2.06,2.02,3.04,2.56,21.02,26.58,24.09,85.59
RAJKOT,ST,11.9,7.47,9.24,10.5,10.58,10.55,39.41,3.54,18.9,122.09
SABAR KANTHA,General,0,0,0,0,0,0,11.89,20.23,16.73,48.85
SABAR KANTHA,OBC,1.4,1.02,1.2,6.79,3.73,5.12,28.15,28.31,28.25,103.97
SABAR KANTHA,SC,0.61,0,0.23,3.61,1.08,2.23,28.69,27.09,27.8,91.34
SABAR KANTHA,ST,3.08,2.9,2.99,12.45,10.06,11.19,33,30.13,31.51,137.31
SURAT,General,0,0,0,3.86,3.69,3.76,12.44,17.75,15.54,57.04
SURAT,OBC,1.03,0,0,8.4,0,3.59,16.61,17.81,17.31,64.75
SURAT,SC,2.72,4.07,3.44,10.59,5.58,7.87,19.75,27.84,24.41,106.27
SURAT,ST,1.13,0.94,1.04,7.37,5.36,6.33,19.31,22.42,20.91,84.81
SURENDRANAGAR,General,0.99,3.1,2.17,0.6,0.5,0.54,16.32,17.52,17.01,58.75
SURENDRANAGAR,OBC,2.71,2.35,2.53,17.54,11.49,14.23,32.42,28.52,29.86,141.65
SURENDRANAGAR,SC,1.04,0.34,0.67,6.61,3.77,5.09,23.74,28.39,26.37,96.02
SURENDRANAGAR,ST,0,2,0.14,0,9.82,5.13,0.84,18.25,12.98,49.16
TAPI,General,5.57,1.35,3.43,15.56,6.34,10.92,18.33,8.28,13.32,83.1
TAPI,OBC,0,0,0,0,0,0,9.38,20.76,15.88,46.02
TAPI,SC,0,0,0,3.46,0,0,4.2,18.88,12.68,39.22
TAPI,ST,0.44,0.96,0.7,8.38,9.63,9.01,20.93,30.37,25.64,106.06
THE DANGS,General,52.8,58.17,55.75,148.53,151.35,150,0,0,0,616.6
THE DANGS,OBC,0,0,0,0,0,0,25.65,23.75,24.68,74.08
THE DANGS,SC,0,0,0,46.81,20,34.48,4.76,14.29,8.57,128.91
THE DANGS,ST,5.26,5.86,5.58,15.87,15.46,15.66,31.97,31.87,31.93,159.46
VADODARA,General,0.48,0,0,4.42,1.93,3.03,20.3,31.41,26.84,88.41
VADODARA,OBC,0,0,0,4.89,0.32,2.36,25.31,32.74,29.86,95.48
VADODARA,SC,1.71,2.57,2.18,7.77,4.85,6.15,25.78,33.5,30.2,114.71
VADODARA,ST,0.81,0.47,0.64,12.67,6.85,9.47,41.47,41.57,41.53,155.48
VALSAD,General,0,0,0,0,0,0,0,0,0,0
VALSAD,OBC,12.96,16.46,14.83,10.18,13.12,11.8,14.08,27.04,21.39,141.86
VALSAD,SC,15.07,17.47,16.35,6.99,17.61,12.73,18.67,38.36,29.4,172.65
VALSAD,ST,2.02,2.19,2.1,7.36,7.13,7.24,24.08,26.65,25.42,104.19
